标题,小区名,位置,标签,关注人数,发布时间,房间类型,面积,朝向,装修,楼层,年份,楼况,总价,单价
协和，楼龄新，环境安静，可公积金贷款，大两房大阳台,西湾苑 ,西村,近地铁 VR看装修 房本满五年 随时看房,2,4个月以前发布,2室1厅,66.57平米,东南,精装,高楼层(共9层),1980年,塔楼,1280000.0,19228
南岸路低层实用两房单位简洁明亮装修新婚之选,南岸路 ,南岸路,近地铁 VR房源 房本满五年 随时看房,0,2个月以前发布,2室1厅,40.07平米,东南,简装,中楼层(共8层),,塔楼,790000.0,19716
富力广场两房单位 ，东南向 ，视野采光好,富力广场T区 ,中山八,近地铁 VR看装修 房本满五年,2,1个月以前发布,2室1厅,73.06平米,东南,其他,低楼层(共19层),2003年,塔楼,2980000.0,40789
南向两房    厅出阳台 采光通风都好,路劲隽泷湾 ,龙溪,VR看装修 房本满五年 随时看房,0,1个月以前发布,2室1厅,79.46平米,南,精装,低楼层(共15层),2013年,塔楼,2150000.0,27058
南向采光通风好 近地铁 配套齐全,新世界逸彩庭园 ,蚩,近地铁 VR看装修 房本满五年 随时看房,2,1个月以前发布,3室2厅,108.57平米,南,精装,高楼层(共18层),2007年,塔楼,3250000.0,29935
西门口地铁板块 精装修 拎包入住 出租自住两不误,中山七路 ,龙津,近地铁 VR房源 房本满五年 随时看房,4,1个月以前发布,2室1厅,45.1平米,南西,精装,中楼层(共9层),,板楼,1380000.0,30599
原装电梯小区房，环境安静，业主自住，生活方便。,金花苑 ,西华路,近地铁 VR看装修 房本满五年,0,9个月以前发布,2室2厅,80.52平米,北,精装,低楼层(共25层),1999年,塔楼,2890000.0,35892
富力新居小两房，低楼层南向，近地铁，公园，有小平台,富力新居 ,南岸路,近地铁 VR看装修 房本满两年 随时看房,3,一年前发布,2室1厅,49.08平米,南,精装,低楼层(共9层),1993年,塔楼,1580000.0,32193
杨巷路  总*低，置业首先选  视野广阔,杨巷路 ,人民路,近地铁 VR看装修 房本满五年 随时看房,29,一年前发布,1室0厅,25平米,东,简装,低楼层(共5层),1988年,板楼,380000.0,15200
荔湾湖旁示范街区环境优美，东南向两房,龙津西路 ,西关,近地铁 VR看装修 房本满五年 随时看房,1,一年前发布,2室1厅,53.22平米,东南,简装,中楼层(共9层),,塔楼,1300000.0,24427
荔港南湾 G区东南向三房 保养好,城启荔港南湾 ,南岸路,VR房源 房本满五年,1,4个月以前发布,3室1厅,90.47平米,东南,其他,中楼层(共34层),2008年,塔楼,4300000.0,47530
丰年华庭 芳村地*站 原装电梯大两房 装修新净,丰年华庭 ,芳村,近地铁 VR看装修 房本满五年 随时看房,2,3个月以前发布,2室1厅,74.03平米,东南,精装,低楼层(共15层),2008年,塔楼,2150000.0,29043
高层南向两房，对流户型，一手业主，满五唯一，保养好,富力环市西苑 ,西村,近地铁 VR看装修 房本满五年,8,一年前发布,2室1厅,69.54平米,南,精装,高楼层(共15层),2000年,塔楼,2980000.0,42854
房子南向望小区花园，采光通风好，三面单边,富力新居 ,南岸路,近地铁 VR房源 房本满两年,2,4个月以前发布,2室1厅,50.97平米,南,其他,高楼层(共9层),1993年,塔楼,1680000.0,32961
大型小区 电梯温馨精装小两 房产权清晰 保养好东南向,鸿图苑 ,汾水,VR看装修 房本满两年,2,3个月以前发布,2室1厅,51.28平米,东南,精装,中楼层(共9层),1997年,塔楼,1280000.0,24961
稀有跃层住宅，二楼上天台，南向观景大阳台，楼下省实,乐怡居 ,花地湾,近地铁 VR房源 房本满两年 随时看房,1,6个月以前发布,4室2厅,259.64平米,东南,毛坯,高楼层(共33层),1999年,塔楼,5880000.0,22647
大院管理，有门禁，一梯两户，全明格局，安静舒适,环市西路 ,流花站前,近地铁 VR看装修 房本满五年 随时看房,11,5个月以前发布,2室1厅,53.12平米,东南,简装,高楼层(共6层),,暂无数据,1050000.0,19767
东南向 通风采光好 产权清晰无抵押,新世界凯粤湾 ,蚩,近地铁 VR看装修 房本满两年 随时看房,4,2个月以前发布,3室2厅,94.31平米,东南南,精装,高楼层(共33层),2019年,塔楼,3780000.0,40081
加装电梯，西村5/8号线双地铁口100米，楼龄新,广雅路 ,西村,近地铁 VR看装修 房本满五年,3,27,2室1厅,79.32平米,南,简装,中楼层(共9层),,平房,2280000.0,28745
环市西路平层电梯 南北对流 通风采光好,环市西路 ,流花站前,近地铁 VR看装修 房本满两年,0,1个月以前发布,2室1厅,73.26平米,北,其他,低楼层(共9层),,塔楼,1700000.0,23206
5号线蚩400米，南向电梯三房，诚意出,龙湾广场 ,蚩,近地铁 VR房源 房本满两年,0,1个月以前发布,3室2厅,121.66平米,东南,精装,高楼层(共15层),1999年,塔楼,3050000.0,25070
满二唯一，精装修保养的很好，业主诚意卖,富力环市西苑 ,西村,近地铁 VR房源 房本满五年,3,8个月以前发布,2室1厅,61.01平米,北,精装,中楼层(共15层),2000年,塔楼,2880000.0,47206
越秀区 电梯楼 户型好 安静通风光线好 交通便利,西华路 ,西华路,近地铁 VR看装修 房本满五年,1,22,2室1厅,47.76平米,西南,简装,中楼层(共9层),,塔楼,1780000.0,37270
西村  南北对流  采光好  户型方正实用,西湾东路 ,西村,近地铁 VR看装修 房本满五年 随时看房,7,3个月以前发布,2室1厅,51.05平米,南,简装,中楼层(共5层),,塔楼,1100000.0,21548
银建小区 精致装修 加装电梯 视野开阔 采光充足,银建小区 ,周门,近地铁 VR看装修 房本满五年,2,3个月以前发布,2室1厅,63.39平米,东北,精装,中楼层(共9层),1998年,塔楼,2330000.0,36757
大院管理 陈岗路 低层可小三房,陈岗路 ,流花站前,近地铁 VR看装修 房本满五年 随时看房,3,10个月以前发布,3室2厅,75.22平米,东南,精装,中楼层(共6层),,塔楼,1920000.0,25526
"越秀区司马街,电梯南向3房,视野开阔,精装修，拎包入住",西华路 ,西华路,近地铁 VR看装修 房本满五年,4,1个月以前发布,3室2厅,78.1平米,南北,精装,高楼层(共9层),1994年,塔楼,3000000.0,38413
广船鹤园小区 近地铁 新上好房 有电梯诚心卖 小区管理,广船鹤园小区 ,鹤洞,近地铁 VR看装修 房本满五年,11,一年前发布,2室1厅,57.87平米,南,简装,低楼层(共8层),1999年,塔楼,1290000.0,22292
一线湖景3房，视野好，环境好，南北对流。,流花路 ,流花站前,近地铁 VR看装修 房本满五年,8,6个月以前发布,3室1厅,69.11平米,东南,简装,高楼层(共9层),,暂无数据,1550000.0,22429
全明小三房，西村地铁口，采光通风好，户型方正实用,西湾东路 ,西村,近地铁 VR看装修 房本满五年,10,3个月以前发布,3室1厅,60.7平米,西南,精装,高楼层(共8层),,板塔结合,1400000.0,23065
协和，楼龄新，环境安静，可公积金贷款，大两房大阳台,西湾苑 ,西村,近地铁 VR看装修 房本满五年 随时看房,2,4个月以前发布,2室1厅,66.57平米,东南,精装,高楼层(共9层),1980年,塔楼,1280000.0,19228
南岸路低层实用两房单位简洁明亮装修新婚之选,南岸路 ,南岸路,近地铁 VR房源 房本满五年 随时看房,0,2个月以前发布,2室1厅,40.07平米,东南,简装,中楼层(共8层),,塔楼,790000.0,19716
富力广场两房单位 ，东南向 ，视野采光好,富力广场T区 ,中山八,近地铁 VR看装修 房本满五年,2,1个月以前发布,2室1厅,73.06平米,东南,其他,低楼层(共19层),2003年,塔楼,2980000.0,40789
南向两房    厅出阳台 采光通风都好,路劲隽泷湾 ,龙溪,VR看装修 房本满五年 随时看房,0,1个月以前发布,2室1厅,79.46平米,南,精装,低楼层(共15层),2013年,塔楼,2150000.0,27058
南向采光通风好 近地铁 配套齐全,新世界逸彩庭园 ,蚩,近地铁 VR看装修 房本满五年 随时看房,2,1个月以前发布,3室2厅,108.57平米,南,精装,高楼层(共18层),2007年,塔楼,3250000.0,29935
西门口地铁板块 精装修 拎包入住 出租自住两不误,中山七路 ,龙津,近地铁 VR房源 房本满五年 随时看房,4,1个月以前发布,2室1厅,45.1平米,南西,精装,中楼层(共9层),,板楼,1380000.0,30599
原装电梯小区房，环境安静，业主自住，生活方便。,金花苑 ,西华路,近地铁 VR看装修 房本满五年,0,9个月以前发布,2室2厅,80.52平米,北,精装,低楼层(共25层),1999年,塔楼,2890000.0,35892
富力新居小两房，低楼层南向，近地铁，公园，有小平台,富力新居 ,南岸路,近地铁 VR看装修 房本满两年 随时看房,3,一年前发布,2室1厅,49.08平米,南,精装,低楼层(共9层),1993年,塔楼,1580000.0,32193
杨巷路  总*低，置业首先选  视野广阔,杨巷路 ,人民路,近地铁 VR看装修 房本满五年 随时看房,29,一年前发布,1室0厅,25平米,东,简装,低楼层(共5层),1988年,板楼,380000.0,15200
荔湾湖旁示范街区环境优美，东南向两房,龙津西路 ,西关,近地铁 VR看装修 房本满五年 随时看房,1,一年前发布,2室1厅,53.22平米,东南,简装,中楼层(共9层),,塔楼,1300000.0,24427
荔港南湾 G区东南向三房 保养好,城启荔港南湾 ,南岸路,VR房源 房本满五年,1,4个月以前发布,3室1厅,90.47平米,东南,其他,中楼层(共34层),2008年,塔楼,4300000.0,47530
丰年华庭 芳村地*站 原装电梯大两房 装修新净,丰年华庭 ,芳村,近地铁 VR看装修 房本满五年 随时看房,2,3个月以前发布,2室1厅,74.03平米,东南,精装,低楼层(共15层),2008年,塔楼,2150000.0,29043
高层南向两房，对流户型，一手业主，满五唯一，保养好,富力环市西苑 ,西村,近地铁 VR看装修 房本满五年,8,一年前发布,2室1厅,69.54平米,南,精装,高楼层(共15层),2000年,塔楼,2980000.0,42854
房子南向望小区花园，采光通风好，三面单边,富力新居 ,南岸路,近地铁 VR房源 房本满两年,2,4个月以前发布,2室1厅,50.97平米,南,其他,高楼层(共9层),1993年,塔楼,1680000.0,32961
大型小区 电梯温馨精装小两 房产权清晰 保养好东南向,鸿图苑 ,汾水,VR看装修 房本满两年,2,3个月以前发布,2室1厅,51.28平米,东南,精装,中楼层(共9层),1997年,塔楼,1280000.0,24961
稀有跃层住宅，二楼上天台，南向观景大阳台，楼下省实,乐怡居 ,花地湾,近地铁 VR房源 房本满两年 随时看房,1,6个月以前发布,4室2厅,259.64平米,东南,毛坯,高楼层(共33层),1999年,塔楼,5880000.0,22647
大院管理，有门禁，一梯两户，全明格局，安静舒适,环市西路 ,流花站前,近地铁 VR看装修 房本满五年 随时看房,11,5个月以前发布,2室1厅,53.12平米,东南,简装,高楼层(共6层),,暂无数据,1050000.0,19767
东南向 通风采光好 产权清晰无抵押,新世界凯粤湾 ,蚩,近地铁 VR看装修 房本满两年 随时看房,4,2个月以前发布,3室2厅,94.31平米,东南南,精装,高楼层(共33层),2019年,塔楼,3780000.0,40081
加装电梯，西村5/8号线双地铁口100米，楼龄新,广雅路 ,西村,近地铁 VR看装修 房本满五年,3,27,2室1厅,79.32平米,南,简装,中楼层(共9层),,平房,2280000.0,28745
环市西路平层电梯 南北对流 通风采光好,环市西路 ,流花站前,近地铁 VR看装修 房本满两年,0,1个月以前发布,2室1厅,73.26平米,北,其他,低楼层(共9层),,塔楼,1700000.0,23206
5号线蚩400米，南向电梯三房，诚意出,龙湾广场 ,蚩,近地铁 VR房源 房本满两年,0,1个月以前发布,3室2厅,121.66平米,东南,精装,高楼层(共15层),1999年,塔楼,3050000.0,25070
满二唯一，精装修保养的很好，业主诚意卖,富力环市西苑 ,西村,近地铁 VR房源 房本满五年,3,8个月以前发布,2室1厅,61.01平米,北,精装,中楼层(共15层),2000年,塔楼,2880000.0,47206
越秀区 电梯楼 户型好 安静通风光线好 交通便利,西华路 ,西华路,近地铁 VR看装修 房本满五年,1,22,2室1厅,47.76平米,西南,简装,中楼层(共9层),,塔楼,1780000.0,37270
西村  南北对流  采光好  户型方正实用,西湾东路 ,西村,近地铁 VR看装修 房本满五年 随时看房,7,3个月以前发布,2室1厅,51.05平米,南,简装,中楼层(共5层),,塔楼,1100000.0,21548
银建小区 精致装修 加装电梯 视野开阔 采光充足,银建小区 ,周门,近地铁 VR看装修 房本满五年,2,3个月以前发布,2室1厅,63.39平米,东北,精装,中楼层(共9层),1998年,塔楼,2330000.0,36757
大院管理 陈岗路 低层可小三房,陈岗路 ,流花站前,近地铁 VR看装修 房本满五年 随时看房,3,10个月以前发布,3室2厅,75.22平米,东南,精装,中楼层(共6层),,塔楼,1920000.0,25526
"越秀区司马街,电梯南向3房,视野开阔,精装修，拎包入住",西华路 ,西华路,近地铁 VR看装修 房本满五年,4,1个月以前发布,3室2厅,78.1平米,南北,精装,高楼层(共9层),1994年,塔楼,3000000.0,38413
广船鹤园小区 近地铁 新上好房 有电梯诚心卖 小区管理,广船鹤园小区 ,鹤洞,近地铁 VR看装修 房本满五年,11,一年前发布,2室1厅,57.87平米,南,简装,低楼层(共8层),1999年,塔楼,1290000.0,22292
一线湖景3房，视野好，环境好，南北对流。,流花路 ,流花站前,近地铁 VR看装修 房本满五年,8,6个月以前发布,3室1厅,69.11平米,东南,简装,高楼层(共9层),,暂无数据,1550000.0,22429
全明小三房，西村地铁口，采光通风好，户型方正实用,西湾东路 ,西村,近地铁 VR看装修 房本满五年,10,3个月以前发布,3室1厅,60.7平米,西南,精装,高楼层(共8层),,板塔结合,1400000.0,23065
协和，楼龄新，环境安静，可公积金贷款，大两房大阳台,西湾苑 ,西村,近地铁 VR看装修 房本满五年 随时看房,2,4个月以前发布,2室1厅,66.57平米,东南,精装,高楼层(共9层),1980年,塔楼,1280000.0,19228
南岸路低层实用两房单位简洁明亮装修新婚之选,南岸路 ,南岸路,近地铁 VR房源 房本满五年 随时看房,0,2个月以前发布,2室1厅,40.07平米,东南,简装,中楼层(共8层),,塔楼,790000.0,19716
陈家祠地铁站，户型方正，采光好,西华路 ,西华路,房本满五年 随时看房,0,1个月以前发布,1室1厅,37.69平米,东南,简装,低楼层(共9层),1988年,暂无数据,1180000.0,31309
珠岛花园 电梯小高层 大户型复式单位,珠岛花园 ,大坦沙,近地铁 VR房源 房本满五年,2,27,6室2厅,148.01平米,南北,简装,中楼层(共12层),1995年,塔楼,3500000.0,23648
双阳台方正全明电梯房，有钥匙随时看房。,伟腾阁 ,蚩,VR看装修 随时看房,1,3个月以前发布,2室2厅,82.39平米,南西南,简装,高楼层(共10层),1997年,塔楼,1760000.0,21362
中高层电梯房全明屋户型实用配套齐全看房方便,南岸路 ,南岸路,近地铁 VR看装修 房本满五年,0,1个月以前发布,3室2厅,89.55平米,南,简装,高楼层(共9层),,塔楼,1980000.0,22111
金宇花园 两房 户型方正实用 配套成熟 轻松上车,金宇花园 ,东i,VR看装修 房本满五年,0,21,2室1厅,68.33平米,东,简装,中楼层(共9层),1996年,塔楼,1100000.0,16099
荔港南湾 实用小三房 南北对流 大阳台,城启荔港南湾 ,南岸路,近地铁 VR房源 房本满五年,13,一年前发布,3室2厅,80.2平米,东北,精装,低楼层(共33层),2005年,塔楼,3100000.0,38654
富力新居小两房，低楼层南向，近地铁，公园，有小平台,富力新居 ,南岸路,近地铁 VR看装修 房本满两年 随时看房,3,一年前发布,2室1厅,49.08平米,南,精装,低楼层(共9层),1993年,塔楼,1580000.0,32193
荔湾湖旁示范街区环境优美，东南向两房,龙津西路 ,西关,近地铁 VR看装修 房本满五年 随时看房,1,一年前发布,2室1厅,53.22平米,东南,简装,中楼层(共9层),,塔楼,1300000.0,24427
丰年华庭 芳村地*站 原装电梯大两房 装修新净,丰年华庭 ,芳村,近地铁 VR看装修 房本满五年 随时看房,2,3个月以前发布,2室1厅,74.03平米,东南,精装,低楼层(共15层),2008年,塔楼,2150000.0,29043
荔港南湾 G区东南向三房 保养好,城启荔港南湾 ,南岸路,VR房源 房本满五年,1,4个月以前发布,3室1厅,90.47平米,东南,其他,中楼层(共34层),2008年,塔楼,4300000.0,47530
杨巷路  总*低，置业首先选  视野广阔,杨巷路 ,人民路,近地铁 VR看装修 房本满五年 随时看房,29,一年前发布,1室0厅,25平米,东,简装,低楼层(共5层),1988年,板楼,380000.0,15200
大型小区 电梯温馨精装小两 房产权清晰 保养好东南向,鸿图苑 ,汾水,VR看装修 房本满两年,2,3个月以前发布,2室1厅,51.28平米,东南,精装,中楼层(共9层),1997年,塔楼,1280000.0,24961
房子南向望小区花园，采光通风好，三面单边,富力新居 ,南岸路,近地铁 VR房源 房本满两年,2,4个月以前发布,2室1厅,50.97平米,南,其他,高楼层(共9层),1993年,塔楼,1680000.0,32961
高层南向两房，对流户型，一手业主，满五唯一，保养好,富力环市西苑 ,西村,近地铁 VR看装修 房本满五年,8,一年前发布,2室1厅,69.54平米,南,精装,高楼层(共15层),2000年,塔楼,2980000.0,42854
"越秀区司马街,电梯南向3房,视野开阔,精装修，拎包入住",西华路 ,西华路,近地铁 VR看装修 房本满五年,4,1个月以前发布,3室2厅,78.1平米,南北,精装,高楼层(共9层),1994年,塔楼,3000000.0,38413
广船鹤园小区 近地铁 新上好房 有电梯诚心卖 小区管理,广船鹤园小区 ,鹤洞,近地铁 VR看装修 房本满五年,11,一年前发布,2室1厅,57.87平米,南,简装,低楼层(共8层),1999年,塔楼,1290000.0,22292
东南向 通风采光好 产权清晰无抵押,新世界凯粤湾 ,蚩,近地铁 VR看装修 房本满两年 随时看房,4,2个月以前发布,3室2厅,94.31平米,东南南,精装,高楼层(共33层),2019年,塔楼,3780000.0,40081
满二唯一，精装修保养的很好，业主诚意卖,富力环市西苑 ,西村,近地铁 VR房源 房本满五年,3,8个月以前发布,2室1厅,61.01平米,北,精装,中楼层(共15层),2000年,塔楼,2880000.0,47206
环市西路平层电梯 南北对流 通风采光好,环市西路 ,流花站前,近地铁 VR看装修 房本满两年,0,1个月以前发布,2室1厅,73.26平米,北,其他,低楼层(共9层),,塔楼,1700000.0,23206
越秀区 电梯楼 户型好 安静通风光线好 交通便利,西华路 ,西华路,近地铁 VR看装修 房本满五年,1,22,2室1厅,47.76平米,西南,简装,中楼层(共9层),,塔楼,1780000.0,37270
银建小区 精致装修 加装电梯 视野开阔 采光充足,银建小区 ,周门,近地铁 VR看装修 房本满五年,2,3个月以前发布,2室1厅,63.39平米,东北,精装,中楼层(共9层),1998年,塔楼,2330000.0,36757
大院管理 陈岗路 低层可小三房,陈岗路 ,流花站前,近地铁 VR看装修 房本满五年 随时看房,3,10个月以前发布,3室2厅,75.22平米,东南,精装,中楼层(共6层),,塔楼,1920000.0,25526
西村  南北对流  采光好  户型方正实用,西湾东路 ,西村,近地铁 VR看装修 房本满五年 随时看房,7,3个月以前发布,2室1厅,51.05平米,南,简装,中楼层(共5层),,塔楼,1100000.0,21548
大院管理，有门禁，一梯两户，全明格局，安静舒适,环市西路 ,流花站前,近地铁 VR看装修 房本满五年 随时看房,11,5个月以前发布,2室1厅,53.12平米,东南,简装,高楼层(共6层),,暂无数据,1050000.0,19767
稀有跃层住宅，二楼上天台，南向观景大阳台，楼下省实,乐怡居 ,花地湾,近地铁 VR房源 房本满两年 随时看房,1,6个月以前发布,4室2厅,259.64平米,东南,毛坯,高楼层(共33层),1999年,塔楼,5880000.0,22647
加装电梯，西村5/8号线双地铁口100米，楼龄新,广雅路 ,西村,近地铁 VR看装修 房本满五年,3,27,2室1厅,79.32平米,南,简装,中楼层(共9层),,平房,2280000.0,28745
5号线蚩400米，南向电梯三房，诚意出,龙湾广场 ,蚩,近地铁 VR房源 房本满两年,0,1个月以前发布,3室2厅,121.66平米,东南,精装,高楼层(共15层),1999年,塔楼,3050000.0,25070
岭南湾畔，楼层佳，视野好，无遮挡,岭南湾畔 ,西村,近地铁 VR看装修 房本满五年,0,3个月以前发布,3室2厅,96.97平米,西南,其他,高楼层(共32层),2010年,塔楼,4800000.0,49500
楼龄新，楼层好，户型方正，南北对流方正两房,城启荔港南湾 ,南岸路,VR房源 随时看房,1,3个月以前发布,2室1厅,77.81平米,东南,简装,高楼层(共34层),2008年,塔楼,2880000.0,37014
西场小区 低层二楼 单边户型 四房两卫 钥匙在手,西场电器城 ,西村,近地铁 VR房源 房本满五年 随时看房,0,20,4室1厅,84.39平米,南北,简装,低楼层(共9层),,塔楼,1750000.0,20738
一手业主  厅出阳台   加装电梯中层 近一号线地铁,合兴苑 ,芳村,近地铁 VR看装修 房本满五年,7,9个月以前发布,2室1厅,68.31平米,东,精装,中楼层(共8层),1997年,板楼,1660000.0,24301
保利紫林香苑 三房带主套 满五唯一 小区安静舒适,保利紫林香苑 ,龙溪,VR看装修 房本满五年 随时看房,15,7个月以前发布,3室2厅,94.48平米,北,精装,高楼层(共18层),2015年,板楼,2400000.0,25403
小区管理，环境好，楼龄新，配套成熟,富力新居 ,南岸路,近地铁 VR看装修 房本满五年,0,5个月以前发布,2室1厅,50.95平米,南北,简装,中楼层(共9层),1993年,塔楼,1450000.0,28460
急，想要低楼层三房精装修的看过来,中海花湾壹号C区 ,广钢新城,近地铁 VR看装修 房本满两年,6,2个月以前发布,3室2厅,84.21平米,北,精装,低楼层(共56层),,塔楼,3200000.0,38001
西村  南北对流  采光好  户型方正实用,西湾东路 ,西村,近地铁 VR看装修 房本满五年 随时看房,7,3个月以前发布,2室1厅,51.05平米,南,简装,中楼层(共5层),,塔楼,1100000.0,21548
陈家祠地铁↑盖 原装电梯荔康大厦厅出阳台方正两房,荔康大厦 ,陈家祠,VR房源 房本满五年 随时看房,3,1个月以前发布,2室1厅,73.97平米,北,简装,中楼层(共19层),2004年,塔楼,3280000.0,44343
此房满五年非唯一，东南靓向，通风采光靓，视野开阔。,城启荔港南湾 ,南岸路,近地铁 VR房源 房本满五年 随时看房,5,1个月以前发布,3室2厅,88.39平米,东南,简装,中楼层(共32层),2008年,塔楼,3000000.0,33941
全明小三房，西村地铁口，采光通风好，户型方正实用,西湾东路 ,西村,近地铁 VR看装修 房本满五年,10,3个月以前发布,3室1厅,60.7平米,西南,精装,高楼层(共8层),,板塔结合,1400000.0,23065
马赛克外墙 小两房一厅 楼下环境好,十八甫北路 ,和平西,VR房源 房本满五年 随时看房,0,1个月以前发布,2室1厅,37.22平米,北南,精装,高楼层(共10层),1991年,塔楼,700000.0,18808
一线湖景3房，视野好，环境好，南北对流。,流花路 ,流花站前,近地铁 VR看装修 房本满五年,8,6个月以前发布,3室1厅,69.11平米,东南,简装,高楼层(共9层),,暂无数据,1550000.0,22429
芳和花园 电梯南向 大阳台 景观好,芳和花园 ,坑口,近地铁 VR看装修 房本满五年 随时看房,3,1个月以前发布,2室2厅,66.86平米,南,其他,低楼层(共32层),,塔楼,2100000.0,31409
长乐社区 电梯地铁 南北对流 一手业主,环市西路 ,流花站前,近地铁 VR看装修 房本满五年 随时看房,2,1个月以前发布,2室1厅,58.95平米,南,精装,高楼层(共9层),,塔楼,1580000.0,26803
低密度小区，户型通风采光好，业主诚心卖。,北大资源博雅1898 ,广钢新城,近地铁 VR房源 房本满五年 随时看房,0,3个月以前发布,3室2厅,117.38平米,南北,其他,中楼层(共27层),,塔楼,4900000.0,41745
中山七路 富邦商城旁 全明三房 装修保养新 近西门口,中山七路 ,龙津,近地铁 VR房源 房本满五年,13,4个月以前发布,3室2厅,52.1平米,东北,精装,中楼层(共9层),1993年,板楼,1700000.0,32630
大院管理 中高楼层 一梯一户低密度 南北对流,陈岗路2号大院 ,流花站前,VR看装修 房本满两年 随时看房,0,4个月以前发布,2室1厅,76平米,东南,简装,高楼层(共9层),,暂无数据,2280000.0,30000
四期两房  满五唯一  装修保养好  采光透风好,四季花园 ,坑口,近地铁 VR看装修 房本满五年,6,8个月以前发布,2室1厅,80.28平米,西北,精装,高楼层(共18层),2010年,塔楼,2380000.0,29647
紫郡府四房 全新未住 南北对流户型 新新新,葛洲坝广州紫郡府 ,广钢新城,VR看装修 房本满两年,0,5,4室2厅,127.26平米,南北,精装,中楼层(共29层),,板楼,5700000.0,44791
使用率150%！带100方私人花园，装修新，拎包入住。,鹅潭湾 ,蚩,近地铁 VR房源 房本满两年,6,11个月以前发布,3室1厅,148.32平米,南北,精装,低楼层(共19层),,塔楼,6580000.0,44364
岭南湾畔，楼层佳，视野好，无遮挡,岭南湾畔 ,西村,近地铁 VR看装修 房本满五年,0,3个月以前发布,3室2厅,96.97平米,西南,其他,高楼层(共32层),2010年,塔楼,4800000.0,49500
天花版小区南向中层望花园望江三房带主套,御景壹号 ,黄沙,近地铁 VR看装修 房本满两年,4,2个月以前发布,3室1厅,112.3平米,南,简装,中楼层(共17层),,塔楼,7990000.0,71149
西苑精装修 保养新 3房2卫户型 提前约可以看,富力环市西苑 ,西村,近地铁 VR房源 房本满五年,2,9个月以前发布,3室1厅,101.97平米,东北,精装,中楼层(共15层),2000年,塔楼,4800000.0,47073
厅出阳台，户型方正，实用率高，产权清晰,南岸路 ,南岸路,近地铁 VR看装修 房本满五年,12,一年前发布,2室1厅,40.03平米,东,简装,高楼层(共9层),,塔楼,790000.0,19736
新世界凯粤湾 舒适两房 人车分流小区 望园林视野开阔,新世界凯粤湾 ,蚩,近地铁 VR房源 房本满五年 随时看房,2,一年前发布,2室1厅,75.33平米,西南,精装,低楼层(共33层),2013年,塔楼,2500000.0,33188
紧挨永庆坊 荔枝湾 中低层 方正大两房,多宝路 ,西关,近地铁 VR看装修,2,6个月以前发布,2室1厅,57.04平米,西,简装,中楼层(共7层),,塔楼,1380000.0,24194
D区少有放的南北对流4房单位，满五唯一带两个车位,保利花香美苑 ,龙溪,VR看装修 房本满五年,1,3个月以前发布,4室2厅,142.91平米,东南南西南,精装,中楼层(共32层),2015年,塔楼,4650000.0,32538
大型社区，电梯3房，配套设施齐，旺中带静，交通便利,茶蛐麓 ,芳村,近地铁 VR看装修 房本满五年 随时看房,0,一年前发布,2室2厅,68.47平米,东南,精装,高楼层(共8层),1987年,塔楼,1690000.0,24683
芳村花园 南向三房 通风舒适 望花园 自住精装修,芳村花园 ,坑口,近地铁 VR房源 房本满五年 随时看房,4,一年前发布,3室2厅,110.95平米,东南南,精装,低楼层(共32层),1999年,塔楼,2980000.0,26859
电梯 环市西 五号线 八号线 双地铁 产权清晰,环市西路 ,流花站前,近地铁 VR看装修 房本满五年 随时看房,28,一年前发布,1室1厅,36.05平米,南,简装,高楼层(共8层),2008年,塔楼,1250000.0,34675
厅出阳台，户型方正，实用率高，产权清晰,南岸路 ,南岸路,近地铁 VR看装修 房本满五年,12,一年前发布,2室1厅,40.03平米,东,简装,高楼层(共9层),塔楼,,790000.0,19736
南北对流户型，采光通风，业主诚意十足。,华发中央公园 ,广钢新城,近地铁 VR看装修 房本满两年 随时看房,8,5个月以前发布,3室2厅,93.13平米,南北,其他,低楼层(共37层),板塔结合,2019年,4780000.0,51327
元邦明月星辉 1室1厅 北,元邦明月星辉 ,龙津,近地铁 VR房源 房本满五年,1,2个月以前发布,1室1厅,48.33平米,北,简装,中楼层(共25层),塔楼,,1480000.0,30623
华发中楼层 南向望花园 小区中间楼栋,华发中央公园 ,广钢新城,近地铁 VR看装修 房本满两年,0,5个月以前发布,3室1厅,94.16平米,西南,精装,中楼层(共37层),塔楼,2019年,4600000.0,48854
荔港南湾 精装修小三房 采光通风好,城启荔港南湾 ,南岸路,近地铁 VR看装修 房本满五年,1,2个月以前发布,2室2厅,75.94平米,东南,精装,高楼层(共28层),塔楼,2008年,2930000.0,38584
金湾明珠 正东靓向 精致装修 实用三房,金湾明珠 ,大坦沙,近地铁 VR看装修 房本满五年,1,27,3室2厅,103.8平米,东,精装,低楼层(共40层),塔楼,2019年,4600000.0,44316
越秀电梯，精致两房，南北对流，配套完善,西华路 ,西华路,近地铁 VR看装修 房本满五年,2,1个月以前发布,2室1厅,43.96平米,南北,精装,低楼层(共9层),塔楼,1994年,1590000.0,36170
广船鹤园小区 户型方正 南向采光好 近地铁,广船鹤园小区 ,鹤洞,近地铁 VR看装修 房本满五年,3,2个月以前发布,2室1厅,48.42平米,南,简装,中楼层(共6层),板楼,1999年,880000.0,18175
Vank物业，低密度社区，精装四房两卫，近地铁，近省实,北大资源博雅1898 ,广钢新城,近地铁 VR房源 房本满五年 随时看房,10,7个月以前发布,4室2厅,131.32平米,南北,精装,中楼层(共27层),塔楼,,5880000.0,44777
西华路美食街 加装电梯中层 一房一厅南方 装修新,西华路 ,西华路,近地铁 VR看装修 房本满五年,1,5个月以前发布,1室1厅,34.75平米,南,精装,低楼层(共9层),塔楼,1994年,1200000.0,34533
南岸路 花园一楼 框架结构 便宜,南岸路 ,南岸路,近地铁 VR看装修 房本满五年 随时看房,1,1个月以前发布,2室1厅,53.36平米,南北,简装,低楼层(共6层),暂无数据,,1280000.0,23989
南源三房带主套，小区三期的房。,南源花园 ,南岸路,近地铁 VR看装修 随时看房,1,1个月以前发布,3室2厅,106.04平米,西北,简装,高楼层(共17层),塔楼,2001年,3250000.0,30649
中信苑 2室1厅 南,中信苑 ,中山八,近地铁 VR看装修 房本满五年 随时看房,0,1个月以前发布,2室1厅,73.32平米,南,简装,中楼层(共9层),板塔结合,1995年,1780000.0,24278
金花小区  电梯两房 环境幽静  方正实用,金花小区 ,西华路,近地铁 VR房源 房本满五年 随时看房,0,18,2室1厅,58.3平米,西,简装,低楼层(共9层),塔楼,1998年,1980000.0,33963
陈岗路 环境优美 三房全明屋 加装电梯 近流花湖公园,陈岗路 ,流花站前,VR看装修 随时看房,0,1个月以前发布,3室2厅,86.59平米,南,简装,低楼层(共8层),塔楼,,2680000.0,30951
城区示范小区，低楼层、住家精装修。,桃源社区 ,龙津,近地铁 VR看装修 房本满五年,0,17,3室1厅,64.8平米,北,精装,中楼层(共6层),塔楼,1991年,1850000.0,28550
原装电梯房 1房1厅 近地铁 交通便利,怡康苑 ,鹤洞,近地铁 VR看装修 房本满五年 随时看房,0,10,1室1厅,51.5平米,南西南,简装,低楼层(共30层),塔楼,,1300000.0,25243
大岗元社区 小户型 社区环境  电梯,西湾路 ,西村,近地铁 VR看装修 房本满五年,0,2个月以前发布,2室1厅,33.9平米,南,精装,高楼层(共9层),塔楼,,1340000.0,39529
低层单位     格局采光好       刚需两房,芬芳小区 ,汾水,VR看装修 房本满五年,3,5个月以前发布,2室1厅,57平米,南,其他,低楼层(共9层),塔楼,1996年,1250000.0,21930
永庆坊 黄沙地铁 领展广场 低层精装两房,大同路(荔湾) ,黄沙,VR看装修 房本满五年 随时看房,0,2个月以前发布,2室1厅,41.05平米,东南,精装,中楼层(共7层),塔楼,1999年,1080000.0,26310
杉木栏路 业主急出 产权清晰 地铁200多米 配套成熟,杉木栏路 ,和平西,近地铁 VR看装修 房本满五年,0,21,2室2厅,69.15平米,东西,简装,高楼层(共9层),塔楼,,1380000.0,19957
大型成熟小区有电梯 两房 南向 户型方正,鸿图苑 ,汾水,VR看装修 房本满五年,1,2个月以前发布,2室1厅,60.65平米,南,简装,中楼层(共9层),塔楼,1995年,1400000.0,23084
石围塘站电梯两房！高层视野好！,紫莱苑 ,芳村,VR看装修 房本满五年,30,一年前发布,2室2厅,67.49平米,东,精装,高楼层(共9层),塔楼,1997年,1588000.0,23530
电梯平层，高层两房，采光通风好，精装修的，保养新净,环翠园 ,南岸路,近地铁 VR看装修 房本满五年,1,4个月以前发布,2室1厅,57.98平米,南北,精装,高楼层(共9层),塔楼,,1440000.0,24837
舒适大两房，双阳台，前望云山左望珠水,城启荔港南湾 ,南岸路,VR房源 房本满五年,2,5个月以前发布,2室2厅,79.18平米,东北,精装,中楼层(共34层),塔楼,2008年,2800000.0,35363
高收益 总jia低产品 适合长期持有,碧桂园朝花 ,鹤洞,近地铁 随时看房,1,2个月以前发布,3室3厅,31平米,南,简装,高楼层(共20层),塔楼,,680000.0,21936
南北对流5.8.号线双条地铁 市场 医院 步行均可到达,广雅路 ,西村,近地铁 VR看装修 房本满五年,1,5个月以前发布,1室1厅,38.63平米,东南,简装,低楼层(共9层),平房,,1100000.0,28476
西门口板块原装电梯全明三房 附西实无占用 看房方便,金门大厦 ,西华路,VR房源 房本满五年,2,7个月以前发布,3室2厅,112.18平米,东北,精装,中楼层(共20层),塔楼,2006年,4000000.0,35657
东南向看小区花园 户型方正 闹中取静临江花园小区,岭南湾畔 ,西村,近地铁 VR看装修 房本满五年,1,6个月以前发布,3室2厅,99.62平米,南,精装,中楼层(共32层),塔楼,2010年,5350000.0,53705
西关海 中层南向4房 可望江 装修保养好,西关海 ,南岸路,近地铁 VR看装修 房本满五年 随时看房,2,3个月以前发布,4室2厅,152.8平米,南,精装,中楼层(共56层),塔楼,2012年,9350000.0,61192
中山八路 电梯两房 南北对流 日照充足,中山八路 ,中山八,近地铁 VR看装修 房本满五年,0,12,2室1厅,54.75平米,南,简装,高楼层(共9层),暂无数据,,1650000.0,30137
富力广场 南北对流三房 全明屋 使用率高,富力广场D区 ,中山八,近地铁 VR看装修 房本满五年 随时看房,11,8个月以前发布,3室1厅,88.89平米,南北,简装,中楼层(共26层),塔楼,2003年,4080000.0,45900
华发中楼层 南向望花园 小区中间楼栋,华发中央公园 ,广钢新城,近地铁 VR看装修 房本满两年,0,5个月以前发布,3室1厅,94.16平米,西南,精装,中楼层(共37层),塔楼,2019年,4600000.0,48854
金花小区  电梯两房 环境幽静  方正实用,金花小区 ,西华路,近地铁 VR房源 房本满五年 随时看房,0,18,2室1厅,58.3平米,西,简装,低楼层(共9层),塔楼,1998年,1980000.0,33963
满5年准电梯方正两房采光充足住家装修,合兴苑 ,芳村,近地铁 VR看装修 房本满五年 随时看房,1,一年前发布,2室1厅,67.26平米,东南,简装,高楼层(共8层),板楼,1997年,1700000.0,25276
南北对流户型，采光通风，业主诚意十足。,华发中央公园 ,广钢新城,近地铁 VR看装修 房本满两年 随时看房,8,5个月以前发布,3室2厅,93.13平米,南北,其他,低楼层(共37层),板塔结合,2019年,4780000.0,51327
中信苑 2室1厅 南,中信苑 ,中山八,近地铁 VR看装修 房本满五年 随时看房,0,1个月以前发布,2室1厅,73.32平米,南,简装,中楼层(共9层),板塔结合,1995年,1780000.0,24278
元邦明月星辉 1室1厅 北,元邦明月星辉 ,龙津,近地铁 VR房源 房本满五年,1,2个月以前发布,1室1厅,48.33平米,北,简装,中楼层(共25层),塔楼,,1480000.0,30623
荔港南湾 精装修小三房 采光通风好,城启荔港南湾 ,南岸路,近地铁 VR看装修 房本满五年,1,2个月以前发布,2室2厅,75.94平米,东南,精装,高楼层(共28层),塔楼,2008年,2930000.0,38584
电梯平层单边位采光好独立天台使用,逢源路 ,龙津,近地铁 VR看装修 房本满五年,3,5个月以前发布,2室1厅,46.73平米,东,精装,高楼层(共9层),塔楼,,1700000.0,36380
越秀电梯，精致两房，南北对流，配套完善,西华路 ,西华路,近地铁 VR看装修 房本满五年,2,1个月以前发布,2室1厅,43.96平米,南北,精装,低楼层(共9层),塔楼,1994年,1590000.0,36170
金湾明珠 正东靓向 精致装修 实用三房,金湾明珠 ,大坦沙,近地铁 VR看装修 房本满五年,1,27,3室2厅,103.8平米,东,精装,低楼层(共40层),塔楼,2019年,4600000.0,44316
广船鹤园小区 户型方正 南向采光好 近地铁,广船鹤园小区 ,鹤洞,近地铁 VR看装修 房本满五年,3,2个月以前发布,2室1厅,48.42平米,南,简装,中楼层(共6层),板楼,1999年,880000.0,18175
一梯两户，三面采光，全明格局安静舒适，业主诚意可议,环市西路 ,流花站前,近地铁 VR看装修 房本满五年 随时看房,1,12,2室1厅,53平米,南,简装,高楼层(共6层),板楼,,950000.0,17925
金融街融穗华府 2室1厅 西 北,金融街融穗华府 ,广钢新城,近地铁 VR看装修 房本满五年,0,12,2室1厅,70.93平米,西北,其他,高楼层(共40层),塔楼,,2980000.0,42014
西华路 越秀区方正一房一厅 出行方便 光线通风好,西华路 ,西华路,近地铁 VR看装修 房本满五年 随时看房,1,3个月以前发布,1室1厅,40平米,北,简装,高楼层(共10层),塔楼,1998年,1130000.0,28250
彩虹桥地铁商圈中层上车盘 实用2房厅出阳台,西华路 ,西华路,近地铁 VR看装修 房本满五年 随时看房,9,7个月以前发布,2室1厅,43.12平米,西,简装,中楼层(共9层),塔楼,,1090000.0,25279
温暖与爱的集结 三餐四季 无惧风雨,环市西路 ,流花站前,近地铁 VR看装修 房本满五年,13,一年前发布,2室1厅,61.13平米,东南,精装,中楼层(共9层),塔楼,2008年,1670000.0,27319
紫郡府 南北对流 中层四房 保养新净 随时看房,葛洲坝广州紫郡府 ,广钢新城,VR看装修 随时看房,3,1个月以前发布,4室2厅,127.23平米,南北,精装,中楼层(共29层),塔楼,2021年,5600000.0,44015
君湖华庭，花园式小区管理，大阳台，采光好，通风好,富力君湖华庭 ,流花站前,VR看装修 房本满五年 随时看房,3,一年前发布,3室2厅,118.54平米,东北,精装,低楼层(共42层),塔楼,2011年,5800000.0,48929
商品房满五年 准电梯三房 有平台花园自用,金纶大厦 ,陈家祠,近地铁 VR看装修 房本满五年 随时看房,0,1个月以前发布,3室1厅,77.02平米,南北,简装,低楼层(共9层),塔楼,1996年,2580000.0,33498
富力广场 实用两房三阳台 中楼层 交通配套成熟采光好,富力广场A区 ,中山八,近地铁 VR房源 随时看房,5,4个月以前发布,3室1厅,69.51平米,西南北,简装,中楼层(共9层),塔楼,2005年,1990000.0,28629
"长寿路地铁电梯低层,交通便利户型方正实",宝华路(荔湾) ,西关,VR房源 房本满五年 随时看房,1,16,2室1厅,83平米,南,简装,低楼层(共9层),塔楼,1995年,2270000.0,27350
顺景楼 原装电梯 户型方正 采光好,顺景楼(荔湾区) ,南岸路,近地铁 VR看装修 房本满五年,3,一年前发布,2室1厅,75.44平米,东西南,其他,高楼层(共10层),塔楼,2000年,1800000.0,23861
近地铁、采光好、厅出阳台、马赛克外墙 楼龄新,业丰花园 ,西村,近地铁 VR看装修 房本满五年,2,一年前发布,1室1厅,36.89平米,西南,精装,高楼层(共9层),塔楼,1980年,1040000.0,28192
地铁边 南向两房 全明屋户型方正 双地铁5/8号线300米,环市西路 ,流花站前,近地铁 VR看装修 房本满五年,3,1个月以前发布,2室1厅,52.68平米,东南,精装,高楼层(共9层),塔楼,,1090000.0,20691
花地湾地铁站  电梯大两房 满五年 芳小 出行便利,恒利翠竹苑 ,鹤洞,近地铁 VR房源 房本满五年,8,11个月以前发布,2室1厅,85.42平米,南北,精装,高楼层(共24层),塔楼,2007年,2350000.0,27512
凯粤湾B区 望花园4+1房 中高层 南北对流 采光充足,新世界凯粤湾 ,蚩,近地铁 VR看装修 房本满两年,9,9个月以前发布,5室1厅,142.36平米,西北,精装,中楼层(共33层),塔楼,2018年,5900000.0,41445
准电梯guang雅后街精装修两房近西村地铁站配套成熟,环市西路 ,流花站前,近地铁 VR看装修 房本满五年 随时看房,0,一年前发布,2室1厅,54.15平米,北西北,精装,中楼层(共8层),塔楼,1994年,1550000.0,28625
双地铁线小区   配套完善成熟  电梯三室  旺中带静,金道花园 ,鹤洞,近地铁 VR看装修 房本满五年 随时看房,15,一年前发布,3室2厅,102.17平米,西南,简装,中楼层(共22层),塔楼,1997年,2400000.0,23491
龙津大厦  中高层3房电梯  陈家祠双地铁   满五年物业,龙津大厦 ,龙津,近地铁 VR看装修 房本满五年,1,2个月以前发布,3室1厅,96平米,西南,简装,中楼层(共32层),1997年,塔楼,3150000.0,32813
房子满五唯一，南北对流采光通风好。,新世界逸彩庭园 ,蚩,近地铁 VR房源 房本满五年,7,7个月以前发布,3室2厅,103.96平米,东南,精装,低楼层(共20层),2007年,塔楼,2980000.0,28665
西村地铁口 大两房 楼层低 方正实用,西湾东路 ,西村,近地铁 VR看装修 房本满五年 随时看房,1,8个月以前发布,2室1厅,51.14平米,西,精装,低楼层(共9层),,塔楼,990000.0,19359
加装电梯，全明三房厅出阳台，随时能看房,龙津东路 ,龙津,近地铁 VR看装修 房本满五年 随时看房,3,4个月以前发布,3室1厅,72.12平米,北西南,其他,中楼层(共8层),,塔楼,1950000.0,27039
西平里4总家底，业主诚意出。看房6点后,站前路(荔湾) ,流花站前,VR看装修 房本满五年 随时看房,2,4个月以前发布,1室1厅,42.11平米,东北,简装,中楼层(共9层),,塔楼,800000.0,18998
全新未入住，证满两年，高层无遮挡,保利西悦湾 ,坑口,VR看装修 房本满五年 随时看房,48,一年前发布,4室2厅,140.37平米,东南,精装,高楼层(共30层),2017年,塔楼,5500000.0,39183
中山七路 林业厅宿舍 电梯3房 通风对流 近陈家祠地铁,中山七路 ,龙津,近地铁 VR看装修 随时看房,1,2个月以前发布,3室1厅,83.99平米,东南,简装,低楼层(共9层),,板楼,2500000.0,29766
陈家祠双地铁 中山七路 中层南向2房 满五唯一,中山七路 ,龙津,近地铁 VR看装修 房本满五年 随时看房,19,7个月以前发布,2室1厅,55.23平米,南,精装,中楼层(共9层),1995年,板楼,1370000.0,24806
高层头排望公园 采光好景观好 楼距宽,金融街融穗华府 ,广钢新城,近地铁 VR看装修 房本满五年,3,9个月以前发布,3室2厅,92.07平米,东,精装,中楼层(共40层),2018年,板楼,4300000.0,46704
府前阁 2室2厅 东南,府前阁 ,芳村,VR看装修 房本满五年 随时看房,1,18,2室2厅,78平米,东南,精装,低楼层(共9层),1998年,塔楼,1750000.0,22436
准电梯大两房1号线11号线地铁，刚需上车,合兴苑 ,芳村,近地铁 VR看装修 房本满两年 随时看房,5,11个月以前发布,2室1厅,72.34平米,南北,简装,中楼层(共9层),1997年,板楼,1400000.0,19354
华贵路 3室1厅 西南,华贵路 ,龙津,近地铁 VR房源 随时看房,0,4,3室1厅,46.29平米,西南,精装,低楼层(共2层),,暂无数据,2180000.0,47095
D区全新未入住 东南横厅 三房2卫户型,新世界凯粤湾 ,蚩,近地铁 VR看装修 房本满两年 随时看房,5,1个月以前发布,3室2厅,92.31平米,东南,精装,中楼层(共33层),2022年,塔楼,3800000.0,41166
大岗元，带天台，南北对流两房，过五年唯一,西湾路 ,西村,近地铁 VR房源 房本满五年,6,9个月以前发布,2室1厅,63平米,东南,简装,高楼层(共6层),,塔楼,1370000.0,21747
协和，楼龄新，框架结构，可以公积金贷款,荔新大厦 ,西村,近地铁 VR房源 随时看房,1,2个月以前发布,1室1厅,47.63平米,南,简装,中楼层(共9层),,塔楼,1450000.0,30443
协和社区    户型方正   东南向采光好   满五年,西增路 ,西村,近地铁 VR看装修 房本满五年 随时看房,17,一年前发布,3室2厅,82.95平米,东南,精装,中楼层(共8层),,塔楼,2380000.0,28692
岭南湾畔  南北对流 望花园 交通便利,岭南湾畔 ,西村,近地铁 VR看装修 房本满五年,1,6个月以前发布,2室1厅,82.92平米,南,精装,高楼层(共32层),2010年,塔楼,3620000.0,43657
乐怡居 2室1厅 西北,乐怡居 ,花地湾,近地铁 VR房源 随时看房,0,2个月以前发布,2室1厅,81.65平米,西北,简装,高楼层(共31层),2000年,塔楼,2150000.0,26332
大型小区 电梯大两房 低层单位 南北对流 双阳台,鸿图苑 ,汾水,近地铁 VR看装修 房本满五年 随时看房,2,3个月以前发布,2室1厅,76平米,南北,简装,低楼层(共9层),1995年,塔楼,1530000.0,20132
雅居乐荔尚国际 封闭式小区管理好 南向户型 居住舒适,荔尚国际 ,西关,近地铁 VR房源 房本满五年 随时看房,7,一年前发布,2室2厅,123.31平米,东南,精装,高楼层(共17层),2008年,塔楼,3990000.0,32358
西外baobao荔湾路荔溪大院平层电梯三房带靓装即入住,荔湾路 ,陈家祠,近地铁 VR房源 房本满五年 随时看房,17,2个月以前发布,3室1厅,57.09平米,东南,精装,低楼层(共8层),1990年,塔楼,1430000.0,25049
保利东郡 通风采光好 业主诚心出，望花园泳池！！！,保利东郡 ,广钢新城,VR看装修,0,6个月以前发布,3室2厅,104.48平米,西北,精装,低楼层(共46层),,塔楼,4200000.0,40200
阳光两房 舒适宜居  这套两房大到无法想象,长乐花苑二期 ,西村,近地铁 VR看装修 房本满五年,0,9,2室1厅,94.4平米,西南,简装,高楼层(共32层),1990年,塔楼,3100000.0,32839
11号线旁鹤洞东 保利次新房 三房长阳台户型南向,保利碧桂园・公园大道 ,广钢新城,VR房源,1,1个月以前发布,3室2厅,110.58平米,西南,精装,中楼层(共38层),2017年,板楼,5300000.0,47930
翠竹苑 实用大三房 高层单位 通风采光好,恒利翠竹苑 ,鹤洞,近地铁 VR看装修 房本满五年,3,1个月以前发布,3室1厅,106.76平米,东,其他,高楼层(共33层),2007年,塔楼,3150000.0,29506
荷柳苑 高楼层 户型方正 视野开阔,荷柳苑 ,南岸路,近地铁 VR看装修 房本满两年 随时看房,2,11个月以前发布,2室1厅,54.88平米,东,简装,高楼层(共9层),1997年,塔楼,1760000.0,32070
龙锦大厦高层靓房 陈家祠 西门口次新楼 南北对流,龙锦大厦 ,龙津,近地铁 VR看装修 房本满五年,1,1个月以前发布,2室1厅,82.6平米,南北,精装,高楼层(共31层),2008年,塔楼,2990000.0,36199
中海花湾壹号 靓楼层 视野开阔大3房 配套成熟,中海锦汇华庭（A区） ,广钢新城,近地铁 VR看装修 房本满五年 随时看房,1,2个月以前发布,3室2厅,121.59平米,西南,精装,中楼层(共60层),,板楼,4400000.0,36188
保利物业 型方正 楼层好 楼龄新 精装修,保利紫林香苑 ,龙溪,VR看装修 房本满五年,6,1个月以前发布,2室1厅,70.53平米,南北,精装,中楼层(共18层),2015年,板楼,1880000.0,26656
中山八路 电梯两房 南北对流 日照充足,中山八路 ,中山八,近地铁 VR看装修 房本满五年,0,12,2室1厅,54.75平米,南,简装,高楼层(共9层),,暂无数据,1650000.0,30137
府前阁 2室2厅 东南,府前阁 ,芳村,VR看装修 房本满五年 随时看房,1,18,2室2厅,78平米,东南,精装,低楼层(共9层),1998年,塔楼,1750000.0,22436
协和社区    户型方正   东南向采光好   满五年,西增路 ,西村,近地铁 VR看装修 房本满五年 随时看房,17,一年前发布,3室2厅,82.95平米,东南,精装,中楼层(共8层),,塔楼,2380000.0,28692
陈家祠双地铁 中山七路 中层南向2房 满五唯一,中山七路 ,龙津,近地铁 VR看装修 房本满五年 随时看房,19,7个月以前发布,2室1厅,55.23平米,南,精装,中楼层(共9层),1995年,板楼,1370000.0,24806
近中山八地铁 加装电梯 带精装修 总jia低,南岸路 ,南岸路,近地铁 VR房源 房本满五年 随时看房,0,2个月以前发布,2室1厅,36.37平米,东,精装,高楼层(共7层),,板楼,1080000.0,29695
大岗元，带天台，南北对流两房，过五年唯一,西湾路 ,西村,近地铁 VR房源 房本满五年,6,9个月以前发布,2室1厅,63平米,东南,简装,高楼层(共6层),,塔楼,1370000.0,21747
乐怡居少有的次新房，装修新保养好，大阳台视野无遮挡,乐怡居 ,花地湾,近地铁 VR房源 房本满五年 随时看房,6,29,2室1厅,66.87平米,东北,精装,中楼层(共31层),1998年,塔楼,1880000.0,28115
高层头排望公园 采光好景观好 楼距宽,金融街融穗华府 ,广钢新城,近地铁 VR看装修 房本满五年,3,9个月以前发布,3室2厅,92.07平米,东,精装,中楼层(共40层),2018年,板楼,4300000.0,46704
陈家祠世纪广场 高层 三房 证过五年 东北向,世纪广场 ,龙津,近地铁 VR房源 房本满五年,4,9个月以前发布,3室1厅,93.65平米,东北,其他,31层,1999年,塔楼,3900000.0,41645
中山七路 林业厅宿舍 电梯3房 通风对流 近陈家祠地铁,中山七路 ,龙津,近地铁 VR看装修 随时看房,1,2个月以前发布,3室1厅,83.99平米,东南,简装,低楼层(共9层),,板楼,2500000.0,29766
大型小区 精装修电梯三房 产权清晰 满五年 格局方正,金兰苑 ,汾水,VR看装修 房本满五年 随时看房,3,8个月以前发布,3室1厅,58.63平米,西南,精装,中楼层(共9层),2001年,塔楼,1520000.0,25926
大型小区 电梯大两房 低层单位 南北对流 双阳台,鸿图苑 ,汾水,近地铁 VR看装修 房本满五年 随时看房,2,3个月以前发布,2室1厅,76平米,南北,简装,低楼层(共9层),1995年,塔楼,1530000.0,20132
金湾明珠 东向两房 望江望花园 装修保养新,金湾明珠 ,大坦沙,近地铁 VR看装修 房本满五年,1,1个月以前发布,2室1厅,79.41平米,东,其他,中楼层(共40层),,塔楼,3100000.0,39038
金宇南向大两房，保养新净，自主家装，南北对流性好,金宇花园 ,东i,VR房源 房本满五年,2,1个月以前发布,2室1厅,69.9平米,南,精装,高楼层(共9层),1998年,塔楼,1390000.0,19886
看房方便，马赛克外墙，业主诚意卖,西湾苑 ,西村,近地铁 VR看装修 房本满五年 随时看房,1,3个月以前发布,2室1厅,88.26平米,东,简装,高楼层(共9层),1980年,塔楼,1690000.0,19148
文昌花园 东向无遮挡挑空复式双卫大四房 蒋光鼐,文昌花园 ,西关,近地铁 VR房源 房本满五年,5,一年前发布,4室2厅,147.26平米,东,精装,高楼层(共32层),2000年,塔楼,4390000.0,29812
林业厅单位楼，大院管理24小时安保，专梯专户南北对流,中山七路 ,龙津,近地铁 VR看装修 房本满五年,2,1个月以前发布,3室2厅,129.91平米,东南南,精装,低楼层(共9层),,塔楼,3550000.0,27327
小区环境好高档家电装修干净带省级西关,龙津商贸大厦 ,龙津,近地铁 VR看装修 房本满五年,21,一年前发布,1室1厅,32.54平米,东,精装,高楼层(共9层),2000年,塔楼,830000.0,25508
西村地铁口 大两房 楼层低 方正实用,西湾东路 ,西村,近地铁 VR看装修 房本满五年 随时看房,1,8个月以前发布,2室1厅,51.14平米,西,精装,低楼层(共9层),,塔楼,990000.0,19359
西外baobao荔湾路荔溪大院平层电梯三房带靓装即入住,荔湾路 ,陈家祠,近地铁 VR房源 房本满五年 随时看房,17,2个月以前发布,3室1厅,57.09平米,东南,精装,低楼层(共8层),1990年,塔楼,1430000.0,25049
保利东郡 通风采光好 业主诚心出，望花园泳池！！！,保利东郡 ,广钢新城,VR看装修,0,6个月以前发布,3室2厅,104.48平米,西北,精装,低楼层(共46层),,塔楼,4200000.0,40200
低密度次新小区  免重税 环境优美 刚需上车必看,力诚欣悦湾 ,茶,VR看装修 房本满两年,13,一年前发布,3室2厅,90.04平米,西北,精装,高楼层(共31层),2018年,塔楼,2680000.0,29765
精品三房两卫 三梯六户 满五唯一 低密度高品质小区,岭南湾畔 ,西村,近地铁 VR房源 房本满五年,27,一年前发布,3室2厅,102.01平米,南北,精装,中楼层(共32层),2010年,塔楼,5300000.0,51956
封闭式管理小区，电梯房 有平台 大三房 户型方正,桥东小区 ,蚩,近地铁 VR看装修 房本满五年 随时看房,1,7个月以前发布,3室1厅,88.02平米,东东北,简装,低楼层(共9层),1995年,塔楼,1880000.0,21359
加装电梯，全明三房厅出阳台，随时能看房,龙津东路 ,龙津,近地铁 VR看装修 房本满五年 随时看房,3,4个月以前发布,3室1厅,72.12平米,北西南,其他,中楼层(共8层),,塔楼,1950000.0,27039
荔湾南湾 间隔方正 安静舒适 西南向 装修保养好 单边,城启荔港南湾 ,南岸路,近地铁 VR看装修 房本满五年,3,2个月以前发布,3室2厅,98.57平米,东南,精装,低楼层(共28层),2008年,塔楼,3500000.0,35508
保利紫林香苑大两房 中楼层南向 装修保养新 拎包入住,保利紫林香苑 ,龙溪,VR看装修 房本满五年 随时看房,5,2个月以前发布,2室2厅,76.45平米,南,精装,中楼层(共18层),2015年,板楼,1950000.0,25507
采光通风好，低密度居住舒适，五号线蚩谡,荔江美筑 ,蚩,近地铁 VR看装修 房本满五年,3,4个月以前发布,3室2厅,102.05平米,东南,其他,中楼层(共24层),2011年,塔楼,3360000.0,32926
舒适小区，全天有日照，望花园很安静大三房,荔江美筑 ,蚩,近地铁 VR看装修 房本满五年,0,17,3室2厅,102.17平米,东南南,精装,低楼层(共24层),2011年,塔楼,3600000.0,35236
环市西路   电梯两房   中高层   近地铁,环市西路 ,流花站前,近地铁 VR看装修 房本满五年 随时看房,4,一年前发布,2室1厅,73.27平米,东北,简装,中楼层(共10层),,塔楼,1750000.0,23885
西村50米电梯三房 全面格局  一梯两户 采光充足视野好,广雅路 ,西村,近地铁 VR看装修 房本满五年 随时看房,3,4个月以前发布,3室1厅,74.33平米,东,其他,高楼层(共9层),,塔楼,2270000.0,30540
南向采光通风好 近地铁 配套齐全,新世界逸彩庭园 ,蚩,近地铁 VR看装修 房本满五年 随时看房,2,1个月以前发布,3室2厅,108.57平米,南,精装,高楼层(共18层),2007年,塔楼,3250000.0,29935
中海花湾壹号 靓楼层 视野开阔大3房 配套成熟,中海锦汇华庭（A区） ,广钢新城,近地铁 VR看装修 房本满五年 随时看房,1,2个月以前发布,3室2厅,121.59平米,西南,精装,中楼层(共60层),,板楼,4400000.0,36188
满五唯一，保养佳。视野开阔，采光充足，配套齐全。,岭南湾畔 ,西村,近地铁 VR看装修 房本满五年,5,一年前发布,3室1厅,95.69平米,南,精装,中楼层(共32层),2010年,塔楼,4460000.0,46609
近中山八地铁 加装电梯 带精装修 总jia低,南岸路 ,南岸路,近地铁 VR房源 房本满五年 随时看房,0,2个月以前发布,2室1厅,36.37平米,东,精装,高楼层(共7层),,板楼,1080000.0,29695
原装电梯，满五不唯一，西南向，,龙津大厦 ,龙津,近地铁 VR看装修 房本满五年,2,2个月以前发布,1室2厅,47.38平米,西南,其他,低楼层(共32层),1997年,塔楼,1320000.0,27860
雅居乐荔尚国际 封闭式小区管理好 南向户型 居住舒适,荔尚国际 ,西关,近地铁 VR房源 房本满五年 随时看房,7,一年前发布,2室2厅,123.31平米,东南,精装,高楼层(共17层),2008年,塔楼,3990000.0,32358
中山七路 林业厅宿舍 电梯3房 通风对流 近陈家祠地铁,中山七路 ,龙津,近地铁 VR看装修 随时看房,1,2个月以前发布,3室1厅,83.99平米,东南,简装,低楼层(共9层),,板楼,2500000.0,29766
珠岛花园 电梯三房 东南朝向 望花园 中高层 税少,珠岛花园 ,大坦沙,VR看装修 房本满五年 随时看房,1,5个月以前发布,3室2厅,82.03平米,东东南南,精装,中楼层(共23层),1999年,塔楼,2650000.0,32306
环市西路   电梯两房   中高层   近地铁,环市西路 ,流花站前,近地铁 VR看装修 房本满五年 随时看房,4,一年前发布,2室1厅,73.27平米,东北,简装,中楼层(共10层),,塔楼,1750000.0,23885
协和，楼龄新，框架结构，可以公积金贷款,荔新大厦 ,西村,近地铁 VR房源 随时看房,1,2个月以前发布,1室1厅,47.63平米,南,简装,中楼层(共9层),,塔楼,1450000.0,30443
高层头排望公园 采光好景观好 楼距宽,金融街融穗华府 ,广钢新城,近地铁 VR看装修 房本满五年,3,9个月以前发布,3室2厅,92.07平米,东,精装,中楼层(共40层),2018年,板楼,4300000.0,46704
大型小区 精装修电梯三房 产权清晰 满五年 格局方正,金兰苑 ,汾水,VR看装修 房本满五年 随时看房,3,8个月以前发布,3室1厅,58.63平米,西南,精装,中楼层(共9层),2001年,塔楼,1520000.0,25926
陈家祠世纪广场 高层 三房 证过五年 东北向,世纪广场 ,龙津,近地铁 VR房源 房本满五年,4,9个月以前发布,3室1厅,93.65平米,东北,其他,31层,1999年,塔楼,3900000.0,41645
大岗元，带天台，南北对流两房，过五年唯一,西湾路 ,西村,近地铁 VR房源 房本满五年,6,9个月以前发布,2室1厅,63平米,东南,简装,高楼层(共6层),,塔楼,1370000.0,21747
乐怡居少有的次新房，装修新保养好，大阳台视野无遮挡,乐怡居 ,花地湾,近地铁 VR房源 房本满五年 随时看房,6,29,2室1厅,66.87平米,东北,精装,中楼层(共31层),1998年,塔楼,1880000.0,28115
林业厅单位楼，大院管理24小时安保，专梯专户南北对流,中山七路 ,龙津,近地铁 VR看装修 房本满五年,2,1个月以前发布,3室2厅,129.91平米,东南南,精装,低楼层(共9层),,塔楼,3550000.0,27327
西村地铁口 大两房 楼层低 方正实用,西湾东路 ,西村,近地铁 VR看装修 房本满五年 随时看房,1,8个月以前发布,2室1厅,51.14平米,西,精装,低楼层(共9层),,塔楼,990000.0,19359
北大资源博雅1898 3室1厅 南,北大资源博雅1898 ,广钢新城,近地铁 VR房源 房本满五年,0,14,3室1厅,114.83平米,南,精装,中楼层(共25层),,塔楼,4900000.0,42672
原装电梯小区房，环境安静，业主自住，生活方便。,金花苑 ,西华路,近地铁 VR看装修 房本满五年,0,9个月以前发布,2室2厅,80.52平米,北,精装,低楼层(共25层),1999年,塔楼,2890000.0,35892
11号线旁鹤洞东 保利次新房 三房长阳台户型南向,保利碧桂园・公园大道 ,广钢新城,VR房源,1,1个月以前发布,3室2厅,110.58平米,西南,精装,中楼层(共38层),2017年,板楼,5300000.0,47930
阳光两房 舒适宜居  这套两房大到无法想象,长乐花苑二期 ,西村,近地铁 VR看装修 房本满五年,0,9,2室1厅,94.4平米,西南,简装,高楼层(共32层),1990年,塔楼,3100000.0,32839
荷柳苑 高楼层 户型方正 视野开阔,荷柳苑 ,南岸路,近地铁 VR看装修 房本满两年 随时看房,2,11个月以前发布,2室1厅,54.88平米,东,简装,高楼层(共9层),1997年,塔楼,1760000.0,32070
龙锦大厦高层靓房 陈家祠 西门口次新楼 南北对流,龙锦大厦 ,龙津,近地铁 VR看装修 房本满五年,1,1个月以前发布,2室1厅,82.6平米,南北,精装,高楼层(共31层),2008年,塔楼,2990000.0,36199
加装电梯，全明三房厅出阳台，随时能看房,龙津东路 ,龙津,近地铁 VR看装修 房本满五年 随时看房,3,4个月以前发布,3室1厅,72.12平米,北西南,其他,中楼层(共8层),,塔楼,1950000.0,27039
封闭式管理小区，电梯房 有平台 大三房 户型方正,桥东小区 ,蚩,近地铁 VR看装修 房本满五年 随时看房,1,7个月以前发布,3室1厅,88.02平米,东东北,简装,低楼层(共9层),1995年,塔楼,1880000.0,21359
采光通风好，低密度居住舒适，五号线蚩谡,荔江美筑 ,蚩,近地铁 VR看装修 房本满五年,3,4个月以前发布,3室2厅,102.05平米,东南,其他,中楼层(共24层),2011年,塔楼,3360000.0,32926
荔湾南湾 间隔方正 安静舒适 西南向 装修保养好 单边,城启荔港南湾 ,南岸路,近地铁 VR看装修 房本满五年,3,2个月以前发布,3室2厅,98.57平米,东南,精装,低楼层(共28层),2008年,塔楼,3500000.0,35508
西平里4总家底，业主诚意出。看房6点后,站前路(荔湾) ,流花站前,VR看装修 房本满五年 随时看房,2,4个月以前发布,1室1厅,42.11平米,东北,简装,中楼层(共9层),,塔楼,800000.0,18998
西村50米电梯三房 全面格局  一梯两户 采光充足视野好,广雅路 ,西村,近地铁 VR看装修 房本满五年 随时看房,3,4个月以前发布,3室1厅,74.33平米,东,其他,高楼层(共9层),,塔楼,2270000.0,30540
悦江上品 东向两房 户型方正 视野好 光线充足,悦江上品苑 ,大坦沙,近地铁 VR看装修 房本满五年 随时看房,7,4个月以前发布,2室2厅,78.28平米,南,精装,高楼层(共26层),2016年,塔楼,3000000.0,38324
翠竹苑 实用大三房 高层单位 通风采光好,恒利翠竹苑 ,鹤洞,近地铁 VR看装修 房本满五年,3,1个月以前发布,3室1厅,106.76平米,东,其他,高楼层(共33层),2007年,塔楼,3150000.0,29506
品牌物业管理好 精装修自住保养好 户型方正 实用率高,万科柏悦湾 ,大坦沙,近地铁 VR看装修 房本满五年,3,1个月以前发布,2室2厅,74.19平米,东北,精装,28层,2012年,塔楼,2390000.0,32215
近公交近地铁  配套成熟 小区环境安静舒适,芳雅苑 ,蚩,VR看装修 房本满五年,1,2个月以前发布,2室1厅,57.27平米,南北,简装,中楼层(共9层),1995年,塔楼,1180000.0,20605
电梯两房 全明户型 近地铁口 东南向 小区安静,环市西路 ,流花站前,近地铁 VR看装修 房本满五年,2,一年前发布,2室2厅,66平米,东南,简装,中楼层(共9层),,塔楼,1350000.0,20455
低密度次新小区  免重税 环境优美 刚需上车必看,力诚欣悦湾 ,茶,VR看装修 房本满两年,13,一年前发布,3室2厅,90.04平米,西北,精装,高楼层(共31层),2018年,塔楼,2680000.0,29765
北大资源博雅1898 3室1厅 南,北大资源博雅1898 ,广钢新城,近地铁 VR房源 房本满五年,0,14,3室1厅,114.83平米,南,精装,中楼层(共25层),,塔楼,4900000.0,42672
龙津大厦  中高层3房电梯  陈家祠双地铁   满五年物业,龙津大厦 ,龙津,近地铁 VR看装修 房本满五年,1,2个月以前发布,3室1厅,96平米,西南,简装,中楼层(共32层),1997年,塔楼,3150000.0,32813
中海花湾壹号 靓楼层 视野开阔大3房 配套成熟,中海锦汇华庭（A区） ,广钢新城,近地铁 VR看装修 房本满五年 随时看房,1,2个月以前发布,3室2厅,121.59平米,西南,精装,中楼层(共60层),,板楼,4400000.0,36188
荷柳苑 高楼层 户型方正 视野开阔,荷柳苑 ,南岸路,近地铁 VR看装修 房本满两年 随时看房,2,11个月以前发布,2室1厅,54.88平米,东,简装,高楼层(共9层),1997年,塔楼,1760000.0,32070
宏新华庭  舒适两房 楼龄2010年 ￥有缘即可卖,宏新华庭 ,龙津,近地铁 VR房源 房本满两年 随时看房,6,8个月以前发布,2室2厅,80.1平米,西北,精装,低楼层(共32层),2010年,塔楼,3590000.0,44819
西门口广场 三房两卫 花园式小区 东南看花园空中泳池,西门口广场 ,西华路,近地铁 VR看装修 随时看房,4,2个月以前发布,3室2厅,103.73平米,东南,精装,中楼层(共23层),2005年,塔楼,5300000.0,51095
现代轻奢风大三房127方 已封窗（原4房改3房）,葛洲坝广州紫郡府 ,广钢新城,VR看装修 房本满两年,5,2个月以前发布,3室1厅,127.71平米,东,精装,中楼层(共25层),,塔楼,5790000.0,45338
原装电梯小区房，环境安静，业主自住，生活方便。,金花苑 ,西华路,近地铁 VR看装修 房本满五年,0,9个月以前发布,2室2厅,80.52平米,北,精装,低楼层(共25层),1999年,塔楼,2890000.0,35892
阳光两房 舒适宜居  这套两房大到无法想象,长乐花苑二期 ,西村,近地铁 VR看装修 房本满五年,0,9,2室1厅,94.4平米,西南,简装,高楼层(共32层),1990年,塔楼,3100000.0,32839
中山七路 林业厅宿舍 电梯3房 通风对流 近陈家祠地铁,中山七路 ,龙津,近地铁 VR看装修 随时看房,1,2个月以前发布,3室1厅,83.99平米,东南,简装,低楼层(共9层),,板楼,2500000.0,29766
悦江上品 东向两房 户型方正 视野好 光线充足,悦江上品苑 ,大坦沙,近地铁 VR看装修 房本满五年 随时看房,7,4个月以前发布,2室2厅,78.28平米,南,精装,高楼层(共26层),2016年,塔楼,3000000.0,38324
龙锦大厦高层靓房 陈家祠 西门口次新楼 南北对流,龙锦大厦 ,龙津,近地铁 VR看装修 房本满五年,1,1个月以前发布,2室1厅,82.6平米,南北,精装,高楼层(共31层),2008年,塔楼,2990000.0,36199
南源花园 封闭小区 绿化好 采光通风好,南源花园 ,南岸路,近地铁 VR看装修 房本满五年,0,8个月以前发布,1室1厅,42.82平米,南,简装,低楼层(共17层),1998年,塔楼,1430000.0,33396
业主诚意出，楼层视野好。户型方正,城启荔港南湾 ,南岸路,近地铁 VR房源 房本满两年,5,6个月以前发布,3室1厅,90.54平米,东,精装,低楼层(共25层),1999年,塔楼,2880000.0,31810
方正户型，厅出阳台朝东向，采光通风好，楼层适中,环翠园 ,南岸路,近地铁 VR看装修 房本满五年 随时看房,5,4个月以前发布,3室1厅,63.18平米,东,简装,低楼层(共9层),,塔楼,1260000.0,19944
业主急出 本芳和花园房子已经赎回是商品房,芳和花园 ,坑口,近地铁 VR看装修 房本满两年 随时看房,3,6个月以前发布,2室1厅,66.26平米,北,精装,低楼层(共31层),,塔楼,1850000.0,27921
南京大院西村5/8号线，电梯高层两房，军区小区管理好,南京路14号大院 ,西村,近地铁 VR房源 房本满五年,3,一年前发布,2室1厅,71.24平米,南,简装,高楼层(共9层),,塔楼,2900000.0,40708
富力环市西苑 高层方正两房 视野开阔 采光好 安静,富力环市西苑 ,西村,近地铁 VR房源 房本满五年 随时看房,0,2个月以前发布,2室2厅,65.41平米,西南,简装,高楼层(共15层),2000年,塔楼,3100000.0,47394
48方一房可以动两房 东南向  楼新业主诚信出,牡丹阁 ,茶,VR看装修 房本满五年,0,11,1室1厅,48平米,东南,简装,中楼层(共9层),2000年,塔楼,818000.0,17042
可公积 金近地铁 新装修 满五唯一，南北对流格局,和平南小区 ,西场,近地铁 VR看装修 房本满五年,113,一年前发布,2室1厅,57.57平米,南,精装,高楼层(共8层),,暂无数据,1400000.0,24319
凯粤湾C区 东南向 中层两房 望花园 安静不吵 阳光充足,新世界凯粤湾 ,蚩,近地铁 VR看装修 房本满五年,6,一年前发布,2室2厅,88.16平米,南,精装,中楼层(共33层),2012年,塔楼,3400000.0,38567
次新房 保利楼盘 拎包入住 视野宽阔 优质房源,保利花海湾 ,茶,VR看装修 房本满两年 随时看房,10,9个月以前发布,3室2厅,88.49平米,东南,精装,中楼层(共26层),2021年,塔楼,2980000.0,33677
四地铁配套，高层东南向，装修保养好,四季花园 ,坑口,近地铁 VR房源 房本满五年 随时看房,5,3个月以前发布,3室1厅,94.13平米,东南,精装,高楼层(共18层),2005年,塔楼,2850000.0,30278
四季花园大型封闭管理小区，二楼带平台，西南向望花园,四季花园 ,坑口,近地铁 VR看装修 房本满五年,24,一年前发布,3室2厅,94.73平米,西南,简装,低楼层(共18层),2008年,塔楼,2800000.0,29558
怡芳苑 大户型 电梯四房 可间隔两套,怡芳苑 ,芳村,近地铁 VR房源 房本满五年 随时看房,5,1个月以前发布,3室1厅,137.11平米,东南南,简装,中楼层(共9层),1995年,塔楼,3080000.0,22464
高层视野优 看小区园林 广钢公园,保利和光晨樾 ,广钢新城,VR看装修 房本满两年 随时看房,5,8个月以前发布,3室2厅,104.84平米,北,精装,高楼层(共39层),塔楼,,4450000.0,42446
荔港南湾 东北向望花园大两房 采光好,城启荔港南湾 ,南岸路,近地铁 VR房源 房本满两年 随时看房,6,一年前发布,2室1厅,75.29平米,东北,简装,中楼层(共33层),塔楼,2008年,2600000.0,34534
方正户型，厅出阳台朝东向，采光通风好，楼层适中,环翠园 ,南岸路,近地铁 VR看装修 房本满五年 随时看房,5,4个月以前发布,3室1厅,63.18平米,东,简装,低楼层(共9层),塔楼,,1260000.0,19944
西村双地铁300米 电梯三房 框架结构 过五唯一,环市西路 ,流花站前,近地铁 VR房源 房本满五年 随时看房,6,6个月以前发布,3室1厅,81.87平米,东北,简装,高楼层(共9层),塔楼,,1950000.0,23819
南源花园 封闭小区 绿化好 采光通风好,南源花园 ,南岸路,近地铁 VR看装修 房本满五年,0,8个月以前发布,1室1厅,42.82平米,南,简装,低楼层(共17层),塔楼,1998年,1430000.0,33396
恒宝华庭 方正实用房 南向单位,恒宝华庭 ,西关,近地铁 VR看装修 随时看房,1,6个月以前发布,2室1厅,67.47平米,南北,精装,中楼层(共31层),板塔结合,2000年,3080000.0,45650
富力广场S区 楼龄新 南北对流 日照充足,富力广场S区 ,中山八,近地铁 VR房源 房本满五年 随时看房,2,19,2室1厅,76.28平米,东,简装,中楼层(共18层),塔楼,2005年,3650000.0,47851
1号线地铁+少有放盘+永庆坊是后花园+刚需+老人家必看,多宝路 ,西关,近地铁 VR看装修 房本满五年 随时看房,2,8,2室1厅,57.16平米,东南,简装,低楼层(共9层),塔楼,,1680000.0,29392
西南望江户型，好楼层，看房方便，随约随看,花语水岸 ,大坦沙,近地铁 VR房源 房本满五年 随时看房,4,1个月以前发布,4室1厅,152.34平米,南,其他,26层,塔楼,2015年,6490000.0,42603
格局方正，电梯，改两房，上车盘，业主诚心卖,西湾东路 ,西村,近地铁 VR看装修 房本满五年 随时看房,1,5个月以前发布,1室1厅,39.85平米,东北,其他,中楼层(共9层),塔楼,,1260000.0,31619
白鹅潭商圈，二梯四户，南北对流，观景大阳台，望园林,丰年华庭 ,芳村,近地铁 VR看装修 房本满五年,5,2个月以前发布,3室2厅,112.66平米,南北,精装,中楼层(共15层),塔楼,2008年,3100000.0,27517
业主急出 本芳和花园房子已经赎回是商品房,芳和花园 ,坑口,近地铁 VR看装修 房本满两年 随时看房,3,6个月以前发布,2室1厅,66.26平米,北,精装,低楼层(共31层),塔楼,,1850000.0,27921
中海花湾D区 中高层通风采光好 视野开阔,中海锦观华庭D区 ,广钢新城,近地铁 VR看装修 房本满五年 随时看房,4,3个月以前发布,3室1厅,96.64平米,东,简装,中楼层(共26层),塔楼,,4100000.0,42426
怡芳苑 大户型 电梯四房 可间隔两套,怡芳苑 ,芳村,近地铁 VR房源 房本满五年 随时看房,5,1个月以前发布,3室1厅,137.11平米,东南南,简装,中楼层(共9层),塔楼,1995年,3080000.0,22464
正规两房 厅出阳台 采光面好 长寿路地铁站,城启晴轩 ,西关,近地铁 VR看装修 房本满五年 随时看房,1,1个月以前发布,2室1厅,65.14平米,西,简装,26层,塔楼,2003年,2680000.0,41143
凯粤湾B区 望花园 三房两卫 高层 南北对流 安静不吵,新世界凯粤湾 ,蚩,近地铁 VR看装修 房本满五年,2,3个月以前发布,3室1厅,124.66平米,西北,精装,高楼层(共33层),塔楼,2018年,4360000.0,34976
凯粤湾精装江景2房，带全屋家私电器，拎包入住,新世界凯粤湾 ,蚩,近地铁 VR房源 房本满五年 随时看房,0,13,2室1厅,84平米,东北,精装,中楼层(共33层),塔楼,2015年,3200000.0,38096
凯粤湾B区 高层视野开阔 东南向三房两卫 阳光充足,新世界凯粤湾 ,蚩,近地铁 VR看装修 房本满五年,1,21,3室1厅,106.11平米,东南,精装,高楼层(共33层),塔楼,2019年,4500000.0,42409
凯粤湾B区 西北向三房 视野开阔 南北对流 户型方正,新世界凯粤湾 ,蚩,近地铁 VR看装修 房本满五年,5,7个月以前发布,3室1厅,90.02平米,西北,精装,低楼层(共33层),塔楼,2019年,3600000.0,39992
君荟名轩 双地铁口 配套成熟 格局方正 协和,君荟名轩 ,西村,近地铁 VR看装修 房本满五年,0,2个月以前发布,2室2厅,84.45平米,北,精装,中楼层(共22层),塔楼,,3860000.0,45708
四地铁配套，高层东南向，装修保养好,四季花园 ,坑口,近地铁 VR房源 房本满五年 随时看房,5,3个月以前发布,3室1厅,94.13平米,东南,精装,高楼层(共18层),塔楼,2005年,2850000.0,30278
四季花园大型封闭管理小区，二楼带平台，西南向望花园,四季花园 ,坑口,近地铁 VR看装修 房本满五年,24,一年前发布,3室2厅,94.73平米,西南,简装,低楼层(共18层),塔楼,2008年,2800000.0,29558
次新房 保利楼盘 拎包入住 视野宽阔 优质房源,保利花海湾 ,茶,VR看装修 房本满两年 随时看房,10,9个月以前发布,3室2厅,88.49平米,东南,精装,中楼层(共26层),塔楼,2021年,2980000.0,33677
富力环市西苑 高层方正两房 视野开阔 采光好 安静,富力环市西苑 ,西村,近地铁 VR房源 房本满五年 随时看房,0,2个月以前发布,2室2厅,65.41平米,西南,简装,高楼层(共15层),塔楼,2000年,3100000.0,47394
业主诚意出，楼层视野好。户型方正,城启荔港南湾 ,南岸路,近地铁 VR房源 房本满两年,5,6个月以前发布,3室1厅,90.54平米,东,精装,低楼层(共25层),塔楼,1999年,2880000.0,31810
南京大院西村5/8号线，电梯高层两房，军区小区管理好,南京路14号大院 ,西村,近地铁 VR房源 房本满五年,3,一年前发布,2室1厅,71.24平米,南,简装,高楼层(共9层),塔楼,,2900000.0,40708
龙1津东路南向两房业主装修保养好厅出阳台采光充足,龙津东路 ,龙津,近地铁 VR看装修 房本满两年,8,10个月以前发布,2室1厅,50.87平米,北,精装,中楼层(共9层),塔楼,1988年,1190000.0,23393
大岗元北 精装两房 产权清晰 安静舒适 业主诚意卖,西湾路 ,西村,近地铁 VR看装修 房本满五年,1,31,2室1厅,52.36平米,南,精装,低楼层(共3层),平房,2016年,1200000.0,22919
文昌雅居  三房两厅两卫 客厅南北对流,文昌雅居 ,龙津,VR看装修 房本满五年,0,30,3室2厅,93.05平米,南北,简装,高楼层(共32层),塔楼,2005年,4280000.0,45997
品牌物业管理好 精装修自住保养好 户型方正 实用率高,万科柏悦湾 ,大坦沙,近地铁 VR看装修 房本满五年,3,1个月以前发布,2室2厅,74.19平米,东北,精装,28层,塔楼,2012年,2390000.0,32215
3楼一房一厅  桨栏路 刚需户型 框架结构,桨栏路 ,人民路,近地铁 VR看装修 房本满五年,3,7个月以前发布,1室1厅,28.52平米,南,简装,中楼层(共6层),平房,,630000.0,22090
近地铁 电梯一房 生活配套成熟 交通便利,多宝华厦 ,西关,近地铁 VR看装修 房本满五年,28,一年前发布,1室0厅,25.2平米,东,精装,中楼层(共33层),塔楼,2000年,960000.0,38096
珠岛一期电梯一房 南向 通风采光好 满五唯一低税费,珠岛花园 ,大坦沙,近地铁 VR房源 房本满五年,38,一年前发布,1室1厅,25.25平米,南,精装,高楼层(共9层),板塔结合,1995年,750000.0,29703
多宝路 一房一厅 新装修 底层  永庆坊位置,多宝路 ,西关,近地铁 VR看装修 房本满两年,1,8个月以前发布,1室1厅,26.85平米,东,其他,中楼层(共6层),板楼,1990年,850000.0,31658
小面积上车盘，轻松做业主!!!!!!,珠岛花园 ,大坦沙,近地铁 VR看装修,3,6个月以前发布,1室1厅,25.73平米,南北,简装,高楼层(共9层),板塔结合,1995年,680000.0,26429
逢源北街  方正实用大单间 采光通风好,逢源路 ,龙津,近地铁 VR看装修 房本满五年,0,3个月以前发布,1室1厅,29.35平米,东西,简装,低楼层(共9层),塔楼,,780000.0,26576
文昌南路 方正实用户型 保养新净,文昌南路 ,西关,近地铁 VR看装修 房本满两年,4,一年前发布,1室1厅,29.84平米,东,其他,高楼层(共9层),塔楼,1988年,600000.0,20108
珠岛花园 楼梯低层 实用一房小户型,珠岛花园 ,大坦沙,近地铁 VR看装修 房本满两年 随时看房,0,6个月以前发布,1室0厅,25.03平米,北,简装,低楼层(共9层),板塔结合,1995年,690000.0,27567
4方不入证使用 步梯三楼 江！江！江边！,如意坊路 ,黄沙,近地铁 VR看装修 随时看房,1,2个月以前发布,1室1厅,28.5平米,东,其他,中楼层(共7层),塔楼,,600000.0,21053
长寿路站 宝华路 正规一房一厅 通风采光好,宝华路(荔湾) ,西关,近地铁 VR看装修 房本满五年,13,一年前发布,1室1厅,28.98平米,南,精装,高楼层(共8层),塔楼,,600000.0,20704
永庆坊景区旁，环境优美，低层两房，天井可用不入证,多宝路 ,西关,近地铁 VR看装修 房本满五年 随时看房,6,一年前发布,1室1厅,29.34平米,东南,其他,低楼层(共4层),暂无数据,1990年,796000.0,27131
西培门口双地铁-楼下双景区-底层两房 新装修拎包入住,龙津西路 ,西关,近地铁 VR房源 房本满五年,1,一年前发布,1室1厅,25.06平米,南,精装,中楼层(共4层),塔楼,,990000.0,39506
司马街平层电梯，框架结构，可以公积金，一房一厅。,西华路 ,西华路,近地铁 VR看装修 房本满五年,1,17,1室1厅,28.3平米,南,简装,高楼层(共9层),塔楼,1994年,980000.0,34629
西华路美食一条街，彩虹桥地铁站300米。,西华路 ,西华路,近地铁 VR看装修 房本满五年,0,9个月以前发布,1室1厅,26.59平米,东,简装,中楼层(共8层),塔楼,,850000.0,31967
安静舒适 租房月供额，就可以买房供。,金道花园 ,鹤洞,近地铁 VR房源 房本满五年,0,5个月以前发布,1室0厅,29.62平米,南,简装,中楼层(共9层),塔楼,2000年,720000.0,24308
中层细积 户型方正 越秀区八一希望,西华路 ,西华路,近地铁 VR看装修 房本满五年,5,一年前发布,1室1厅,29.87平米,南,其他,中楼层(共9层),塔楼,1995年,820000.0,27453
电梯一房 格局方正 小区环境好,怡福花园 ,蚩,VR房源 房本满五年 随时看房,1,6个月以前发布,1室0厅,28.95平米,西南,其他,中楼层(共9层),塔楼,1999年,770000.0,26598
一房刚需上车，业主急出，近地铁11号线石围塘地铁站,金达阁 ,芳村,VR看装修 房本满五年,6,一年前发布,1室1厅,26.88平米,西北,精装,中楼层(共9层),塔楼,1998年,670000.0,24926
这个房子在越秀区，南向通风好，业主诚心出，看房方便,西华路 ,西华路,近地铁 VR房源 房本满五年,1,一年前发布,1室0厅,29.31平米,东南,精装,高楼层(共9层),塔楼,1996年,890000.0,30366
惠城楼梯小户型上车盘 正规一房一厅 东向,惠城花园 ,龙津,近地铁 VR看装修 随时看房,6,5个月以前发布,1室1厅,29.79平米,东,其他,中楼层(共9层),塔楼,1996年,750000.0,25177
芳村地铁 一房一厅 光线好 户型方正 东南朝向,合兴苑 ,芳村,近地铁 VR看装修 房本满五年,3,一年前发布,1室1厅,27.11平米,东南,简装,高楼层(共8层),板楼,1997年,650000.0,23977
低层 东向 采光好 一房  业主诚意 看房方便,合兴苑 ,芳村,近地铁 VR看装修 房本满五年,3,一年前发布,1室1厅,27.11平米,东南,简装,中楼层(共8层),板楼,1997年,788000.0,29067
格局好，中层楼层，南向采光好，交通便利,站前路(荔湾) ,流花站前,近地铁 VR看装修 房本满五年,1,一年前发布,1室1厅,29.56平米,东南,其他,高楼层(共6层),塔楼,,960000.0,32477
莲塘前街小区，外围很旺，中楼层，光线好，随时看房,王圣堂莲塘前街4号 ,流花站前,近地铁 VR看装修 房本满五年,16,一年前发布,1室0厅,27平米,西北,精装,高楼层(共7层),板楼,,650000.0,24075
东鹏花园一期 温馨小户型 满五年 产权清晰 中楼层,东鹏花园一期 ,坑口,VR房源 房本满五年 随时看房,2,一年前发布,1室0厅,28.41平米,东,简装,中楼层(共9层),塔楼,1997年,520000.0,18304
西华路 越秀方正一房带阳台 加装电梯使用中,西华路 ,西华路,近地铁 VR看装修 房本满五年,10,一年前发布,1室0厅,28.23平米,北,简装,中楼层(共9层),塔楼,1994年,890000.0,31527
荔湾区彩虹桥地铁站 中低楼层精装修,西华路 ,西华路,近地铁 VR看装修 房本满五年,1,7个月以前发布,1室1厅,28.91平米,南,其他,中楼层(共8层),塔楼,,880000.0,30440
华贵路独栋私房，生活环境好，交通便利,华贵路 ,龙津,近地铁 VR看装修 房本满五年,13,一年前发布,1室1厅,28.2平米,南,简装,低楼层(共3层),暂无数据,,890000.0,31561
东南向无遮挡，格局方正，小区干净封闭管理,芳雅苑 ,蚩,VR看装修 房本满两年 随时看房,2,8个月以前发布,1室1厅,27.15平米,南,简装,高楼层(共9层),塔楼,1995年,680000.0,25047
桃源社区 环境好 户型方正实用 通风采光好,桃源社区 ,龙津,近地铁 VR看装修 房本满五年,3,一年前发布,1室0厅,29.53平米,北,其他,中楼层(共9层),塔楼,1991年,880000.0,29801
满五唯一，近地铁，高楼层，视野开阔,鹤洞路 ,鹤洞,近地铁 VR看装修 房本满五年,0,11个月以前发布,1室1厅,27.49平米,南,其他,高楼层(共8层),塔楼,,780000.0,28374
交通便利，户型正，景观好，受欢迎,金道花园 ,鹤洞,近地铁 VR房源 房本满五年 随时看房,12,9个月以前发布,1室0厅,29.28平米,南,其他,中楼层(共9层),塔楼,2000年,700000.0,23908
此房满五不唯一，商品房，无重税 低楼层,宝源路 ,龙津,近地铁 VR看装修 房本满五年,0,一年前发布,4室1厅,99.42平米,南北,简装,中楼层(共4层),暂无数据,,2980000.0,29974
北大资源博雅1898  东南朝向实用4房 配套完善,北大资源博雅1898 ,广钢新城,近地铁 VR房源 房本满五年,63,一年前发布,4室2厅,94.23平米,南,精装,低楼层(共25层),塔楼,,4990000.0,52956
新净装修 南北对流 厅大房大 通风采光好,西关大厦 ,人民路,近地铁 VR看装修 房本满五年 随时看房,2,一年前发布,4室1厅,101.94平米,东,简装,低楼层(共20层),塔楼,1989年,2650000.0,25996
步梯高层一房一厅年轻人上车门槛低,龙津东路 ,龙津,近地铁 VR房源 房本满五年,6,11个月以前发布,1室1厅,29.45平米,南,其他,高楼层(共9层),塔楼,,750000.0,25467
流花湖旁，框架结构，户型方正，采光通风好，看房方便,站前横路 ,流花站前,VR看装修 房本满五年,17,一年前发布,1室1厅,26.19平米,西南,其他,高楼层(共9层),塔楼,,650000.0,24819
过五唯一 芳华苑 在建11号线旁 电梯房 新楼龄,芳华苑 ,芳村,VR看装修 房本满两年,22,一年前发布,1室1厅,28.8平米,东北,精装,高楼层(共9层),塔楼,1999年,720000.0,25000
近地铁 一房一厅 中间楼层 看房方便,中山七路 ,龙津,近地铁 VR房源 房本满五年,4,一年前发布,1室1厅,27.81平米,北,精装,中楼层(共9层),板楼,1990年,950000.0,34161
永庆坊景区 平层电梯 精装大4房 三代同堂,蓬莱路 ,黄沙,近地铁 VR看装修 房本满五年 随时看房,3,一年前发布,4室2厅,104.86平米,西北,精装,中楼层(共9层),塔楼,,3580000.0,34141
西门口地铁，细积上车盘、配套成熟,中山七路 ,龙津,近地铁 VR看装修 房本满五年 随时看房,1,8个月以前发布,1室0厅,26.61平米,西,精装,低楼层(共9层),塔楼,,800000.0,30064
东南朝向 三面单边 三个阳台 实用 业主自己装修过,逢源路 ,龙津,近地铁 VR房源 房本满五年,1,一年前发布,4室2厅,95.15平米,东南,精装,中楼层(共9层),塔楼,1991年,2980000.0,31319
桃源小区  微改造社区 光线好 业主急卖 合适即卖,桃源社区 ,龙津,近地铁 VR看装修 房本满五年,2,一年前发布,1室1厅,28.3平米,北,精装,高楼层(共8层),塔楼,1991年,805000.0,28446
中山七路 小户型  东南向 单间 上车盘,中山七路 ,龙津,近地铁 VR房源 房本满五年,0,一年前发布,1室0厅,26.06平米,东,简装,中楼层(共9层),塔楼,,880000.0,33769
中山七路隆庆社区  满五年唯一 陈家祠地铁站,中山七路 ,龙津,近地铁 VR看装修 房本满五年,7,一年前发布,1室0厅,25.39平米,东,其他,中楼层(共9层),板楼,1990年,759000.0,29894
沙涌新村 1室1厅 北,沙涌新村 ,鹤洞,近地铁 VR房源 房本满五年 随时看房,3,5个月以前发布,1室1厅,29.54平米,北,其他,高楼层(共7层),塔楼,,600000.0,20312
临江小区 封闭式管理 精装修复式两房 个人产权,万科海上传奇 ,芳村,近地铁 房本满两年,0,4个月以前发布,1室1厅,27.64平米,南,精装,低楼层(共17层),板塔结合,2016年,1000000.0,36180
满五年 西华路 精装修精装修低楼层,西华路 ,西华路,近地铁 VR看装修 房本满五年,2,一年前发布,1室1厅,27.8平米,东,其他,低楼层(共9层),塔楼,,840000.0,30216
【近沙面】【电梯四房】【居家精装修】【拎包入住】,西关大厦 ,人民路,近地铁 VR房源 房本满五年,11,一年前发布,4室2厅,101.48平米,南北,精装,中楼层(共20层),塔楼,1989年,2980000.0,29366
此房已满五，配套设施齐全，格局好，交通便利,流花路 ,流花站前,近地铁 VR看装修 房本满五年,2,3个月以前发布,1室0厅,27.09平米,南北,其他,高楼层(共9层),塔楼,,760000.0,28055
荔湾路 户型方正 上车盘 可公积金,幸福新村 ,周门,近地铁 VR房源 房本满五年,3,一年前发布,1室1厅,26.24平米,东南,其他,高楼层(共8层),塔楼,1990年,820000.0,31251
越秀精装一房近地铁旺中带静收租神器,西华路 ,西华路,近地铁 VR看装修 房本满五年,4,4个月以前发布,1室1厅,29.18平米,南,其他,低楼层(共9层),塔楼,1994年,960000.0,32900
电梯正在装，精装采光好、有阳台花园,芳华苑 ,芳村,VR看装修,3,6个月以前发布,1室1厅,25.23平米,南,精装,低楼层(共9层),塔楼,1999年,793000.0,31431
越秀司马街中楼层 户型方正实用 有钥匙方便看房,西华路 ,西华路,近地铁 VR看装修 房本满五年,1,7个月以前发布,1室1厅,26.09平米,东,其他,中楼层(共9层),塔楼,1994年,700000.0,26831
东鹏花园一期中楼层 满五年非唯一,东鹏花园一期 ,坑口,VR看装修 房本满五年,3,一年前发布,1室1厅,26.72平米,南,其他,高楼层(共8层),塔楼,1997年,630000.0,23578
周门示范社区 加装电梯 一房一厅 近一号线,周门小区周门街 ,周门,VR看装修 房本满五年,2,一年前发布,1室1厅,27.05平米,北,其他,低楼层(共9层),平房,1998年,1000000.0,36969
上车小户型，区府旁边环境安静，近地铁11号线石围塘站,芳雅苑 ,蚩,VR看装修 房本满两年 随时看房,2,一年前发布,1室1厅,27.05平米,东,精装,高楼层(共9层),塔楼,1995年,730000.0,26988
周门北路 小户型 加装电梯已筹备,周门小区周门北路 ,周门,近地铁 VR看装修 房本满五年,0,3个月以前发布,1室1厅,26.45平米,西北,其他,高楼层(共9层),塔楼,1998年,800000.0,30246
一证两套，一楼2房1厅，二楼2房1厅,宝华路(荔湾) ,西关,近地铁 VR看装修 房本满五年,50,一年前发布,4室2厅,102.25平米,东南,精装,2层,板楼,,2830000.0,27678
西关大厦 中层单位 间隔方正实用 产权清晰,西关大厦 ,人民路,近地铁 VR看装修 房本满两年,1,9个月以前发布,4室2厅,94.04平米,东南,其他,中楼层(共20层),塔楼,1989年,2780000.0,29562
周门北路 小户型 加装电梯已筹备,周门小区周门北路 ,周门,近地铁 VR看装修 房本满五年,0,3个月以前发布,1室1厅,26.45平米,西北,其他,高楼层(共9层),1998年,塔楼,800000.0,30246
一证两套，一楼2房1厅，二楼2房1厅,宝华路(荔湾) ,西关,近地铁 VR看装修 房本满五年,50,一年前发布,4室2厅,102.25平米,东南,精装,2层,,板楼,2830000.0,27678
"生活氛围好，楼龄新,条形砖外墙，低总*",春蕾苑 ,西关,VR看装修 房本满五年 随时看房,12,一年前发布,1室1厅,27.72平米,南,精装,9层,1999年,塔楼,800000.0,28861
满五唯一，近地铁，交通方便，户型方正,福盛花苑 ,广钢新城,近地铁 VR看装修 房本满五年 随时看房,0,11个月以前发布,1室1厅,27.76平米,南,其他,低楼层(共7层),1998年,塔楼,690000.0,24856
沙面旅游区 独栋私房 距离文化公园200米,十八甫南路 ,和平西,近地铁 VR看装修 随时看房,2,6个月以前发布,4室2厅,96.32平米,南西南,其他,低楼层(共3层),,板楼,2800000.0,29070
西门口 光复北路 低层一房一厅 住家装修保养新净,光复北路 ,龙津,近地铁 VR看装修 房本满五年,1,29,1室1厅,27.08平米,东南,精装,中楼层(共8层),,塔楼,780000.0,28804
芳村大道东11号线  低层单位,接龙里小区 ,芳村,近地铁 VR房源 房本满五年,1,一年前发布,1室1厅,26.53平米,南北,其他,低楼层(共7层),2005年,塔楼,760000.0,28647
嘉茗华庭 电梯小户型，上车精品,嘉茗华庭 ,芳村,近地铁 VR看装修 房本满五年,0,4个月以前发布,1室0厅,26.4平米,东北,其他,中楼层(共26层),2002年,塔楼,950000.0,35985
望珠江江景 精装修华润旺象城 1号线芳村站 视野开阔,万科海上传奇 ,芳村,近地铁 房本满两年,1,4个月以前发布,1室1厅,28.27平米,东北,其他,中楼层(共17层),2016年,板塔结合,880000.0,31129
桃源社区加装电梯正规一房一厅 总jia低,桃源社区 ,龙津,近地铁 VR看装修 房本满五年,5,7个月以前发布,1室1厅,27.68平米,南,简装,中楼层(共8层),1991年,塔楼,880000.0,31792
上下九商圈西关尚品电梯单位东北向装修新净,西关尚品 ,和平西,近地铁 房本满五年,10,9个月以前发布,1室0厅,26.69平米,东北,精装,低楼层(共18层),2001年,塔楼,330000.0,12365
南向四房，高层望江，视野宽阔，采光充足,辉洋苑 ,黄沙,近地铁 VR看装修,2,2个月以前发布,4室2厅,109.28平米,南,简装,高楼层(共30层),2001年,塔楼,3980000.0,36421
西华路 司马街 小户型 总*低 方正实用,西华路 ,西华路,近地铁 VR看装修 房本满五年,20,一年前发布,1室1厅,25.01平米,东,简装,高楼层(共9层),1994年,塔楼,578000.0,23111
骏业阁双地铁 高层大四房 带主套东向,骏业阁 ,西关,近地铁 VR看装修 房本满五年,17,一年前发布,4室2厅,106.73平米,东西,简装,高楼层(共25层),2008年,塔楼,3500000.0,32794
适合新婚夫妇 或 退休 工人 居住,西华路 ,西华路,近地铁 VR看装修 房本满两年,5,3个月以前发布,1室1厅,26.07平米,东北,简装,高楼层(共9层),,平房,780000.0,29920
【楼梯三楼】【全屋精装修 宽敞四房】【近8号地铁】,长寿东路 ,龙津,近地铁 VR房源 房本满五年,3,11个月以前发布,4室1厅,92.54平米,东南,精装,低楼层(共9层),1990年,平房,2200000.0,23774
证满五年 房改房 采光好 户型方正 11号线地铁站在建,接龙里小区 ,芳村,近地铁 VR房源 房本满五年,21,一年前发布,1室1厅,27.51平米,南北,简装,高楼层(共7层),2005年,塔楼,600000.0,21811
荔景华庭 装修新净 通风采光好 小区电梯楼 安静舒适,荔景华庭 ,和平西,近地铁 VR看装修 房本满五年,30,一年前发布,1室1厅,28.27平米,东,其他,中楼层(共15层),2011年,塔楼,1200000.0,42448
陈家祠 世纪广场小区 方正1房  乐贤坊 满五,世纪广场 ,龙津,近地铁 VR看装修 房本满五年,4,一年前发布,1室0厅,26.78平米,南,简装,10层,1997年,塔楼,880000.0,32861
西华路 方正一房一厅 安静格局方正 彩虹桥地铁站300米,西华路 ,西华路,近地铁 VR房源 房本满两年,6,6个月以前发布,1室1厅,27.56平米,北西,简装,高楼层(共6层),,塔楼,880000.0,31931
荔枝湾涌旁  马赛克外墙  一房带大阳台  通风光好,逢源路 ,龙津,近地铁 VR看装修 房本满五年,15,一年前发布,1室0厅,26.74平米,西,其他,高楼层(共9层),,塔楼,790000.0,29544
芳村白鹅潭 CBD 复式两层 有阳台,万科海上传奇 ,芳村,近地铁 房本满五年,1,一年前发布,1室1厅,27.84平米,南,精装,中楼层(共17层),2016年,板塔结合,950000.0,34124
惠城花园 楼梯中层小户型 单间上车盘 产权清晰,惠城花园 ,龙津,近地铁 VR看装修 房本满五年,0,一年前发布,1室0厅,26.87平米,东南,其他,低楼层(共24层),1996年,塔楼,890000.0,33123
西华路，旺中带静，交通便利，配套成熟,西华路 ,西华路,近地铁 VR看装修 房本满五年,3,5个月以前发布,1室1厅,27.97平米,南,简装,中楼层(共8层),1967年,塔楼,580000.0,20737
一线看江电梯平层立白旁地铁B口精装房,花地大道北 ,芳村,近地铁 VR房源 房本满五年 随时看房,4,一年前发布,1室2厅,27.48平米,南,精装,高楼层(共9层),1990年,塔楼,1090000.0,39666
南岸路实用小户型 通风采光好，首付低,南岸路 ,南岸路,近地铁 VR看装修 房本满两年,3,6个月以前发布,1室1厅,28.93平米,南,精装,高楼层(共9层),,塔楼,600000.0,20740
金宇花园，大型社区，加装电梯，走半层，低总入手,金宇花园 ,东i,VR看装修 房本满两年,2,3个月以前发布,1室1厅,29.51平米,南北,简装,中楼层(共9层),1998年,塔楼,670000.0,22705
马路边独栋前后通私房证面积93.96平方建基63平方,宝源路 ,龙津,近地铁 VR房源 房本满五年 随时看房,3,6个月以前发布,4室2厅,93.96平米,东南,其他,低楼层(共2层),,暂无数据,2980000.0,31716
海郡花园温馨4房，三开间望公园,保利碧桂园・公园大道 ,广钢新城,VR看装修 房本满两年,2,1个月以前发布,4室2厅,98平米,西北,精装,低楼层(共24层),,塔楼,4860000.0,49592
收租神器，交通便利，业主诚心，可商贷,金花小区 ,西华路,近地铁 VR看装修 房本满两年,2,5个月以前发布,1室0厅,28.25平米,西南,简装,中楼层(共9层),2003年,塔楼,620000.0,21947
桃源社区 正规一房一厅 交通生活便利 总jia抵,桃源社区 ,龙津,近地铁 VR房源 房本满两年,0,26,1室1厅,25.17平米,西南,其他,低楼层(共6层),塔楼,,930000.0,36949
珠岛花园 五期 四房二厅 间隔方正实用,珠岛花园 ,大坦沙,近地铁 VR看装修 房本满五年,2,4个月以前发布,4室2厅,108.7平米,东北,精装,低楼层(共24层),塔楼,1999年,3420000.0,31463
珠岛花园五期 东西对流四房 住家装修保养好,珠岛花园 ,大坦沙,近地铁 VR看装修 房本满五年,0,1个月以前发布,4室2厅,104.47平米,东西,精装,中楼层(共23层),塔楼,1999年,3350000.0,32067
荔湾湖旁  一证 两套两房一厅 精装修  读培正,龙津西路 ,西关,近地铁 VR房源 房本满五年 随时看房,11,一年前发布,4室2厅,95.8平米,东南西北,精装,中楼层(共4层),板楼,1990年,2780000.0,29019
首付不高 贷款方式不限 适合首付不多的小两口,金道花园 ,鹤洞,近地铁 VR房源 房本满两年,1,1个月以前发布,1室0厅,26.31平米,西南,精装,中楼层(共9层),塔楼,2000年,700000.0,26606
精装修，交通方便，上下分开独立,万科海上传奇 ,芳村,近地铁 房本满五年,3,8个月以前发布,1室1厅,28.78平米,东南,精装,低楼层(共17层),板塔结合,2016年,860000.0,29882
装修新净，位置很好，东向望花园,金道花园 ,鹤洞,近地铁 VR房源 房本满五年,2,1个月以前发布,1室1厅,29.19平米,东,其他,中楼层(共9层),塔楼,2000年,680000.0,23296
中山八路 大院管理低二楼 带南向阳台精装一房一厅,龙津西路 ,西关,近地铁 VR看装修 房本满两年,4,一年前发布,1室1厅,29.51平米,南北,精装,低楼层(共9层),塔楼,1985年,880000.0,29821
户型格局方正，南向无遮挡，采光好,金道花园 ,鹤洞,近地铁 VR房源 房本满五年,3,2个月以前发布,1室0厅,29.71平米,南,简装,高楼层(共9层),塔楼,2000年,600000.0,20196
交通便利    户型正景观好   准电梯刚需受欢迎,金道花园 ,鹤洞,近地铁 VR房源 房本满五年 随时看房,35,一年前发布,1室0厅,29.65平米,东,简装,高楼层(共9层),塔楼,2000年,860000.0,29006
环市西路   小面积  地铁口,西湾东路 ,西村,近地铁 VR看装修 房本满两年,4,8个月以前发布,1室1厅,27.04平米,东,简装,低楼层(共9层),塔楼,,680000.0,25148
电梯房首付不高 贷款方式不限 适合首付不多的小两口,金道花园 ,鹤洞,近地铁 VR房源 房本满五年,0,28,1室1厅,25.84平米,北,其他,低楼层(共9层),塔楼,1996年,680000.0,26316
文昌南路 低层南向 户型方正大单间,文昌南路 ,西关,VR房源,0,2个月以前发布,1室0厅,28.43平米,南,其他,中楼层(共9层),塔楼,,860000.0,30250
双地铁物业 南向小户型 满五唯一 有钥匙,金道花园 ,鹤洞,近地铁 VR房源 房本满五年 随时看房,9,一年前发布,1室0厅,28.44平米,南,简装,中楼层(共9层),塔楼,1998年,650000.0,22856
此房东北朝向，采光充足，小区环境清幽，小区配套成熟,金宇花园 ,东i,VR房源 房本满五年,0,9个月以前发布,1室1厅,28.98平米,西,其他,高楼层(共9层),塔楼,1998年,750000.0,25880
华贵路 低层小户型 光线好 实用高,华贵路 ,龙津,近地铁 VR房源 房本满五年,0,一年前发布,1室1厅,25.46平米,东南,简装,中楼层(共4层),板楼,,700000.0,27495
中山八路 一房一厅 精装修 出租中 租金2000元,中山八路 ,中山八,近地铁 VR房源 房本满五年 随时看房,1,10,1室1厅,26.54平米,南,精装,高楼层(共9层),塔楼,1998年,800000.0,30144
上九路前后通一楼 上车盘 老人小孩都便利,上九路 ,人民路,近地铁 VR看装修 房本满五年 随时看房,1,9个月以前发布,1室1厅,32.67平米,南,其他,低楼层(共1层),板楼,,950000.0,29079
翠岛居 精致靓向 方正一房 预约睇楼,翠岛居 ,大坦沙,近地铁 VR房源 房本满五年,0,8个月以前发布,1室1厅,32.08平米,南北,简装,中楼层(共9层),塔楼,,759000.0,23660
珠岛花园  复式  保养新净  江边住宅  环境优美,珠岛花园 ,大坦沙,近地铁 VR房源 房本满五年,2,一年前发布,4室2厅,141.33平米,南,精装,低楼层(共9层),板塔结合,1995年,4850000.0,34317
黄沙小户型珠玑路1房南向采光好,珠玑路 ,和平西,近地铁 VR看装修 房本满两年,5,5个月以前发布,1室0厅,24.59平米,东南,其他,中楼层(共5层),板楼,,580000.0,23587
十三甫路 光线好空气好 街道宽阔整洁,十三甫路 ,和平西,近地铁 VR看装修,0,1个月以前发布,1室1厅,37平米,南西南,其他,中楼层(共5层),板楼,,1000000.0,27028
di总jia电梯房！上车手选！永庆坊，黄沙双地铁,蓬莱路 ,黄沙,近地铁 VR看装修 房本满五年,0,一年前发布,1室0厅,23.84平米,南,简装,高楼层(共9层),塔楼,,960000.0,40269
黄沙大道1楼，大院管理，门口独立花园使用,黄沙大道 ,黄沙,近地铁 VR看装修 房本满五年,1,11个月以前发布,1室1厅,34.95平米,东南,精装,低楼层(共8层),塔楼,1994年,990000.0,28327
上下九商圈户型方正东向一房一厅,十八甫北路 ,和平西,近地铁 VR房源 房本满五年,3,一年前发布,1室1厅,36.81平米,东,简装,低楼层(共7层),塔楼,1991年,900000.0,24450
小户型2  房出行购物便利满五,光复南路 ,人民路,近地铁 VR看装修 房本满五年,0,4个月以前发布,1室0厅,31.81平米,南,其他,低楼层(共6层),板楼,,680000.0,21377
文昌花园大单间 有阳台，看房方便,文昌花园 ,西关,近地铁 VR看装修 房本满五年,30,一年前发布,1室0厅,18.98平米,西,简装,中楼层(共32层),塔楼,2000年,820000.0,43204
文昌花园 近地铁100米，精装修，产权清晰，满五年,文昌花园 ,西关,近地铁 VR房源 房本满五年,1,9个月以前发布,4室2厅,139.21平米,西,精装,高楼层(共32层),塔楼,2000年,4680000.0,33619
【沙面旁电梯】【四房三阳台两卫】【东南单边无遮挡】,和乐大厦 ,人民路,近地铁 VR看装修 房本满五年,12,一年前发布,4室2厅,161.74平米,东南南,其他,中楼层(共18层),塔楼,2000年,4760000.0,29430
集富大厦西关尚品，有电梯配置，市区地带,西关尚品 ,和平西,近地铁 房本满五年 随时看房,8,一年前发布,1室0厅,37.73平米,北,精装,中楼层(共18层),塔楼,2001年,550000.0,14578
集富大厦西关尚品 高品质高配置 有电梯,西关尚品 ,和平西,近地铁 房本满五年,12,一年前发布,1室0厅,35.95平米,东,其他,低楼层(共18层),2001年,塔楼,520000.0,14465
上下九商圈！电梯平层！一房户型方正！,十八甫北路 ,和平西,近地铁 VR看装修 房本满五年 随时看房,2,一年前发布,1室1厅,30.71平米,东,简装,高楼层(共7层),1991年,塔楼,760000.0,24748
此房税费1三面采光全明屋低层新装修,光复南路 ,人民路,近地铁 VR看装修 房本满五年 随时看房,10,8个月以前发布,1室1厅,31.12平米,东西,精装,中楼层(共8层),1990年,塔楼,680000.0,21851
十三行路大院管理 楼龄新净 证满五 交通方便,十三行路 ,人民路,近地铁 VR看装修 房本满五年,10,一年前发布,1室1厅,42.92平米,南西北,简装,高楼层(共9层),,塔楼,950000.0,22135
1/6号线双地铁黄沙站！5石米外墙可公积金！,蓬莱路 ,黄沙,近地铁 VR看装修 房本满五年,1,一年前发布,1室1厅,31.3平米,南,其他,高楼层(共7层),,暂无数据,990000.0,31630
满五年唯一，大院管理有停车位，有位置加装电梯,黄沙大道 ,黄沙,近地铁 VR看装修 房本满五年,3,一年前发布,1室1厅,31平米,南,精装,高楼层(共8层),1994年,塔楼,850000.0,27420
文昌南路 一楼可临商 做了复式阁楼 看房方便,文昌南路 ,西关,VR看装修 房本满五年,5,10个月以前发布,1室1厅,34.47平米,西,其他,低楼层(共2层),,暂无数据,940000.0,27271
蓬莱路，独栋私房，小户型，小面积,蓬莱路 ,黄沙,近地铁 VR看装修 房本满五年 随时看房,12,一年前发布,1室0厅,13.67平米,北,简装,低楼层(共1层),,暂无数据,560000.0,40966
交通便利 配套设施好 小户性格局好 满五,和平西路 ,西关,近地铁 VR看装修 房本满五年 随时看房,3,一年前发布,1室1厅,35.51平米,南,简装,高楼层(共6层),,塔楼,860000.0,24219
上下九商圈西关尚品中层电梯精品户型,西关尚品 ,和平西,近地铁 房本满两年,3,一年前发布,1室0厅,37.97平米,西北,精装,中楼层(共18层),2001年,塔楼,560000.0,14749
黄沙大道，大院管理，沙面 间隔方正,黄沙大道 ,黄沙,近地铁 VR看装修 房本满两年,1,一年前发布,1室1厅,36.07平米,东北,其他,中楼层(共8层),1994年,塔楼,900000.0,24952
此房满五唯一，马赛克外墙，交通便利，,十八甫北路 ,和平西,VR看装修 房本满五年 随时看房,3,一年前发布,1室1厅,32.54平米,北,其他,高楼层(共10层),1991年,塔楼,720000.0,22127
杨巷路低层 东西对流 户型方正实用 框架 可用公积金,杨巷路 ,人民路,近地铁 VR看装修 房本满五年 随时看房,0,25,1室0厅,32.48平米,东西,其他,中楼层(共7层),,板楼,800000.0,24631
大院管理 低层 旺中带静 全明新净,第十甫路 ,西关,近地铁 VR看装修 房本满五年 随时看房,3,5个月以前发布,1室1厅,39.76平米,东南,精装,低楼层(共6层),,塔楼,950000.0,23894
BAI年一遇笋，上车盘，华林寺商圈,长寿东路 ,龙津,近地铁 VR房源 房本满五年 随时看房,2,10个月以前发布,1室1厅,30.66平米,北,简装,高楼层(共8层),,暂无数据,600000.0,19570
低楼层，低总*，老城区的交通生活配套，上车盘，,杉木栏路 ,和平西,近地铁 VR看装修 房本满五年 随时看房,10,6个月以前发布,1室1厅,36.04平米,东,简装,低楼层(共3层),,暂无数据,680000.0,18868
光复南路 优质小区盘 诚心放卖,光复南路 ,人民路,近地铁 VR看装修 房本满五年,0,6个月以前发布,1室1厅,33.69平米,东西,其他,高楼层(共6层),,暂无数据,950000.0,28199
中层单位 有阳台 单边位 通风采光好 过五年唯一,桨栏路 ,人民路,近地铁 VR看装修,0,13,1室1厅,35.34平米,东北,简装,中楼层(共8层),,暂无数据,880000.0,24901
逢源路 低层一房 近长寿路地铁 配套完善 看房方便,逢源路 ,龙津,近地铁 VR看装修 房本满两年,0,1个月以前发布,1室1厅,37.26平米,北,其他,低楼层(共9层),1991年,塔楼,980000.0,26302
电梯 小区管理 配套成熟 交通方便,骏业阁 ,西关,近地铁 VR看装修 房本满两年,132,一年前发布,1室1厅,39.4平米,东,精装,低楼层(共27层),,塔楼,920000.0,23351
永庆坊商圈，小私房，地跌站500米，无占用,恩宁路 ,黄沙,近地铁 VR房源 房本满五年,7,一年前发布,1室1厅,13.83平米,西南,精装,低楼层(共1层),,暂无数据,720000.0,52061
方正一房一厅三面单边近公园地铁,杉木栏路 ,和平西,近地铁 VR看装修 房本满五年 随时看房,5,一年前发布,1室1厅,42.59平米,南北,其他,高楼层(共6层),,塔楼,800000.0,18784
荔枝湾旁，一楼小户型，框架结构,恩宁路 ,黄沙,近地铁 VR看装修 房本满五年,2,10个月以前发布,1室0厅,33.35平米,东南,其他,低楼层(共4层),,暂无数据,780000.0,23389
房子光线好 通透 距离地铁近 生活配套成熟,杉木栏路 ,和平西,近地铁 VR看装修 房本满两年,1,一年前发布,1室1厅,39.45平米,南,其他,中楼层(共6层),,塔楼,900000.0,22814
六二三路 底层三楼  沙面公园 文化公园,六二三路 ,和平西,近地铁 VR房源 房本满五年,5,5个月以前发布,1室1厅,34.96平米,东西,其他,中楼层(共4层),,板楼,750000.0,21454
此房过五年，新装修隔局方正，小区管理 ，通风采光好,文昌花园 ,西关,近地铁 VR房源 房本满五年,2,3个月以前发布,4室1厅,133.21平米,西西南,精装,高楼层(共32层),2000年,塔楼,4990000.0,37460
独栋私房带天台 近沙面岛 交通便捷,十八甫南路 ,和平西,近地铁 VR房源 房本满五年,6,一年前发布,1室1厅,31.87平米,西,其他,低楼层(共3层),,暂无数据,1000000.0,31378
文昌南路 双地铁 中层通风采光好 楼道新 旺中带静,文昌南路 ,西关,近地铁 VR看装修 房本满五年,2,一年前发布,1室1厅,30.48平米,东南,其他,中楼层(共9层),1988年,塔楼,870000.0,28544
宝华路大院，降~急~，1/8号线双地铁小区，准电梯楼,宝华路(荔湾) ,西关,近地铁 VR房源 房本满五年,2,一年前发布,1室1厅,41.47平米,东,精装,高楼层(共8层),,塔楼,950000.0,22909
珠岛花园 舒适一房 珠江边 东向采光好,珠岛花园 ,大坦沙,近地铁 VR看装修 房本满两年,1,9个月以前发布,1室1厅,40.05平米,东西,其他,高楼层(共8层),1995年,板塔结合,990000.0,24720
底层新装一房一厅，业主诚心出！随时看房,康王南路 ,和平西,VR看装修 房本满五年,0,一年前发布,1室1厅,38.48平米,南,其他,低楼层(共3层),板楼,,990000.0,25728
宝华路大院，降~急~，1/8号线双地铁小区，准电梯楼,宝华路(荔湾) ,西关,近地铁 VR房源 房本满五年,2,一年前发布,1室1厅,41.47平米,东,精装,高楼层(共8层),塔楼,,950000.0,22909
框架结构， 光线充足 楼梯好走，户型方正实用,上九路 ,人民路,近地铁 VR房源 房本满五年,1,4个月以前发布,1室1厅,24.29平米,南,其他,中楼层(共9层),塔楼,,620000.0,25525
西关尚品高区精装南向采光通风好的单位,西关尚品 ,和平西,近地铁 房本满五年,3,一年前发布,1室0厅,37.07平米,南,精装,高楼层(共18层),塔楼,2001年,550000.0,14837
宝华路 低层格局方正 近地铁出入方便,宝华路(荔湾) ,西关,近地铁 VR看装修 房本满五年 随时看房,2,11个月以前发布,1室1厅,36.39平米,东东南,简装,高楼层(共4层),暂无数据,,780000.0,21435
文昌南路 低层复式一房 带装修 拎包入住,文昌南路 ,西关,近地铁 VR房源 房本满五年,1,6个月以前发布,1室0厅,20.68平米,东,其他,低楼层(共10层),塔楼,1994年,780000.0,37718
黄沙商圈地铁 近在咫尺 户型方正 高楼层,丛桂路 ,黄沙,近地铁 VR看装修 房本满五年,2,一年前发布,1室1厅,32.82平米,西北,简装,中楼层(共8层),塔楼,,898000.0,27362
永庆坊 黄沙地铁 领展广场 低层精装一房,大同路(荔湾) ,黄沙,近地铁 VR看装修 房本满两年,1,6个月以前发布,1室0厅,25平米,东南,其他,中楼层(共4层),板楼,,600000.0,24000
近地铁，低楼层，一房一厅，户型方正通风好,翠岛居 ,大坦沙,近地铁 VR房源 房本满两年,6,9个月以前发布,1室1厅,31.67平米,东南,简装,低楼层(共9层),塔楼,,570000.0,17999
骏业阁+双地铁1/8号线+原装电梯+有小区+90出头,骏业阁 ,西关,近地铁 VR看装修 房本满两年 随时看房,2,4个月以前发布,1室1厅,30.99平米,东,简装,中楼层(共25层),塔楼,2008年,860000.0,27751
多6个方使用 户型方正舒适两房一厅 距离文化公园100米,十三行路 ,人民路,近地铁 VR看装修 房本满两年,2,5个月以前发布,1室1厅,40.23平米,南,其他,中楼层(共8层),塔楼,,799000.0,19861
少有一楼 楼底高 入巷不深 看房方便,十七甫北 ,人民路,近地铁 VR房源 房本满五年 随时看房,0,9个月以前发布,1室1厅,32.76平米,东,其他,低楼层(共2层),暂无数据,,988000.0,30159
中山八地铁口 辉洋苑小区 精致四房 安静,辉洋苑 ,黄沙,近地铁 VR看装修 房本满两年,1,20,4室2厅,142.86平米,西南,其他,低楼层(共31层),塔楼,2001年,4950000.0,34650
大院管理小区有电梯，采光好通风对流,黄沙大道 ,黄沙,近地铁 VR看装修 房本满五年 随时看房,5,8个月以前发布,1室1厅,22.99平米,东南,精装,中楼层(共9层),塔楼,,800000.0,34798
涌边一马路 荔湾湖公园内 厅出阳台 采光通风,涌边一马路 ,黄沙,近地铁 VR房源 房本满五年,0,9个月以前发布,1室1厅,46.3平米,西北,其他,中楼层(共6层),板楼,,1000000.0,21599
长寿路地铁 荔湾湖公园旁 低层大单间  业主诚心放卖,逢源路 ,龙津,近地铁 VR房源 房本满五年,5,一年前发布,1室0厅,22.33平米,东,简装,低楼层(共9层),塔楼,,580000.0,25975
沙面！大院管理有停车位 在协商加装电梯 小区环境安静,黄沙大道 ,黄沙,近地铁 VR房源 房本满两年,4,一年前发布,1室1厅,30.77平米,东南,精装,高楼层(共8层),塔楼,1994年,730000.0,23725
辉洋苑大四房中高层西南望江视野YYDS 阳光明媚,辉洋苑 ,黄沙,近地铁 VR看装修 房本满两年,1,2个月以前发布,4室2厅,142.36平米,西南西,简装,中楼层(共31层),塔楼,2001年,4995000.0,35088
辉洋苑 电梯花园小区 采光视野好 四房带主套 望江单位,辉洋苑 ,黄沙,近地铁 VR看装修 房本满两年,201,7个月以前发布,4室2厅,142.36平米,西南,其他,低楼层(共31层),塔楼,2001年,4980000.0,34982
珠岛花园 南向户型 南北对流 望花园,珠岛花园 ,大坦沙,近地铁 VR看装修 房本满五年 随时看房,6,一年前发布,1室1厅,34.99平米,南,简装,中楼层(共9层),板塔结合,1995年,880000.0,25151
恩宁路 方正实用一房一厅 保样新净 独立天台用,恩宁路 ,黄沙,近地铁 VR看装修 房本满五年,6,一年前发布,1室1厅,35.18平米,南,精装,高楼层(共4层),暂无数据,,900000.0,25583
翠岛居，距离地铁100米，低楼层，适合居住,翠岛居 ,大坦沙,近地铁 VR房源 房本满两年,4,4个月以前发布,1室1厅,32.07平米,东,简装,中楼层(共9层),塔楼,,620000.0,19333
近地铁，景区房源， 产权清晰 生活配套成熟,恩宁路 ,黄沙,近地铁 VR看装修 房本满五年,1,一年前发布,1室1厅,34.71平米,东,简装,中楼层(共5层),塔楼,,1000000.0,28811
黄沙大道 铁路宿舍 厅出阳台 大1房变二问题不大,黄沙大道 ,黄沙,近地铁 VR看装修 房本满两年 随时看房,4,7个月以前发布,1室1厅,37.5平米,南北,其他,高楼层(共8层),塔楼,1994年,800000.0,21334
珠岛花园 南向小户型 方正实用,珠岛花园 ,大坦沙,近地铁 VR看装修 房本满两年,43,一年前发布,1室1厅,35.25平米,南,简装,高楼层(共9层),板塔结合,1995年,1000000.0,28369
珠岛花园  精致一房  装修保养好,珠岛花园 ,大坦沙,近地铁 VR看装修 房本满两年,0,一年前发布,1室1厅,24.82平米,南西,精装,中楼层(共9层),板塔结合,1995年,830000.0,33441
电梯走半层 产权清晰 环境比较舒适,多宝路 ,西关,近地铁 VR看装修 房本满五年,2,4个月以前发布,1室1厅,30.33平米,东东南,其他,高楼层(共9层),板楼,,820000.0,27036
实用一房，采光通风好 满五年产权,桥中花园 ,大坦沙,近地铁 VR看装修 房本满五年,4,一年前发布,1室1厅,31.83平米,南,简装,高楼层(共9层),塔楼,2000年,600000.0,18851
文昌南路 三楼带独立使用天台 新装修,文昌南路 ,西关,近地铁 VR看装修 房本满五年 随时看房,5,4个月以前发布,1室1厅,19.66平米,北南,精装,低楼层(共3层),暂无数据,,545000.0,27722
龙津西低层3楼泮溪刚需上车盘框架,龙津西路 ,西关,近地铁 VR看装修 房本满五年 随时看房,0,一年前发布,1室1厅,31.93平米,南,简装,中楼层(共6层),塔楼,,800000.0,25055
珠岛花园 一梯一户 高层安静采光好 双地铁5/6号线,珠岛花园 ,大坦沙,近地铁 VR看装修 房本满两年 随时看房,4,一年前发布,1室1厅,43.99平米,南北,简装,高楼层(共9层),1995年,板塔结合,900000.0,20460
电梯房老西关一室一厅家电齐全拎包入住,龙津西路 ,西关,近地铁 VR看装修 房本满五年 随时看房,4,11个月以前发布,1室1厅,23.76平米,南,精装,中楼层(共9层),,塔楼,950000.0,39984
地铁。交通便利。楼层低荔枝湾景区,龙津西路 ,西关,近地铁 VR看装修 房本满五年,0,1个月以前发布,1室1厅,21.61平米,东南,其他,低楼层(共9层),1999年,暂无数据,590000.0,27303
荔湾湖畔 一房 刚需上车 配套完善,龙津西路 ,西关,近地铁 VR看装修 房本满五年,1,一年前发布,1室1厅,31.64平米,东南,简装,高楼层(共6层),,塔楼,930000.0,29394
多宝路 近地铁，满五年，通风采光好，看房方便,多宝路 ,西关,近地铁 VR看装修 房本满五年 随时看房,11,一年前发布,1室1厅,43.5平米,西,简装,高楼层(共6层),,板楼,750000.0,17242
龙津西路 中高层 光线好 户型方正,龙津西路 ,西关,近地铁 VR房源 房本满五年 随时看房,0,1个月以前发布,1室1厅,33.91平米,东北,其他,高楼层(共9层),1999年,暂无数据,910000.0,26836
"原装电梯  产权清晰 光线好 位置便利,装修新净.",骏业阁 ,西关,近地铁 VR房源 房本满五年,5,5个月以前发布,1室1厅,24.83平米,西南,其他,中楼层(共25层),2008年,塔楼,890000.0,35844
荔枝湾公园 景区 一房低楼层，少有方盘,龙津西路 ,西关,近地铁 VR看装修 房本满两年,2,4个月以前发布,1室0厅,31.47平米,西,简装,低楼层(共6层),,塔楼,780000.0,24786
珠岛花园 小户型实用户型 刚需上车盘,珠岛花园 ,大坦沙,近地铁 VR看装修 房本满五年 随时看房,2,1个月以前发布,1室0厅,24.88平米,西,简装,低楼层(共9层),1995年,板塔结合,750000.0,30145
多宝华厦原装电梯楼 南向小户型 光线靓,多宝华厦 ,西关,近地铁 VR看装修,0,1个月以前发布,1室0厅,19.85平米,东南,其他,低楼层(共33层),2000年,塔楼,640000.0,32242
骏业阁原装电梯 双地铁物业 户型方正实用 配套成熟,骏业阁 ,西关,近地铁 VR看装修 房本满五年,2,一年前发布,1室1厅,33.72平米,南,其他,中楼层(共25层),2008年,塔楼,1000000.0,29656
加装电梯筹备中，笋一房一厅，近地铁，配套齐全,桨栏路 ,人民路,近地铁 VR房源 房本满五年 随时看房,8,一年前发布,1室1厅,39.8平米,东,简装,中楼层(共8层),1990年,板楼,900000.0,22614
5min地铁站领展，低层框架结构，配套成熟,丛桂路 ,黄沙,近地铁 VR房源 房本满两年 随时看房,5,6个月以前发布,1室1厅,35.04平米,南,精装,低楼层(共8层),1999年,塔楼,860000.0,24544
金湾明珠 正东靓向 精致装修 实用三房,金湾明珠 ,大坦沙,近地铁 VR看装修 房本满五年,1,28,3室2厅,103.8平米,东,精装,低楼层(共40层),2019年,塔楼,4600000.0,44316
万科柏悦湾 全方位江景 视野开阔 通风采光好,万科柏悦湾 ,大坦沙,近地铁 VR看装修 房本满五年,3,一年前发布,3室2厅,96.94平米,东北,其他,34层,2010年,塔楼,4650000.0,47968
柏悦湾南向三房两卫 格局通透采光好,万科柏悦湾 ,大坦沙,近地铁 VR房源 房本满五年,0,4个月以前发布,3室2厅,96.09平米,东南,精装,34层,2010年,塔楼,4600000.0,47872
荔尚国际 望花园三房户型 保养新净 方正实用 厅出阳台,荔尚国际 ,西关,近地铁 VR看装修 房本满五年,3,一年前发布,3室2厅,101.53平米,北,精装,中楼层(共17层),2008年,塔楼,4900000.0,48262
万科柏悦湾 中高层 电梯三房 南向 产权清晰 无抵押,万科柏悦湾 ,大坦沙,近地铁 VR看装修 房本满五年,1,一年前发布,3室2厅,98.28平米,南,精装,28层,2012年,塔楼,5000000.0,50876
柏悦湾二期南向高层望江3房 视野开阔 无遮挡 长阳台,万科柏悦湾 ,大坦沙,近地铁 VR看装修 房本满五年,0,6个月以前发布,3室2厅,98.28平米,南,精装,28层,2012年,塔楼,4800000.0,48841
万科柏悦湾 中层望江实用三房 视野开阔 通风采光好,万科柏悦湾 ,大坦沙,近地铁 VR房源 房本满五年,0,3个月以前发布,3室2厅,96.04平米,北,精装,34层,2010年,塔楼,4700000.0,48938
东南向大三房，无遮挡采光好，低楼层适合老人小孩居住,花语水岸 ,大坦沙,近地铁 VR房源 房本满五年,0,5个月以前发布,3室1厅,108.5平米,南,其他,26层,2015年,塔楼,5000000.0,46083
金湾明珠 高层江景 精装三房 预约睇楼,金湾明珠 ,大坦沙,近地铁 VR看装修 房本满五年,0,2个月以前发布,3室2厅,97.34平米,东,精装,高楼层(共40层),2019年,塔楼,4980000.0,51161
花语水岸 满五唯一 高层视野采光好 房子保养新,花语水岸 ,大坦沙,近地铁 VR看装修 房本满五年,0,29,3室2厅,107.07平米,东北,精装,26层,2015年,塔楼,4960000.0,46325
花语水岸 南向高层大三房 保养新 看房方便,花语水岸 ,大坦沙,近地铁 VR看装修 房本满两年,1,3个月以前发布,3室2厅,108.67平米,东南,其他,21层,2015年,塔楼,5000000.0,46011
金湾明珠  望江望花园  视野开阔 安静舒适,金湾明珠 ,大坦沙,近地铁 VR看装修 房本满五年,0,一年前发布,3室2厅,96.71平米,东,精装,中楼层(共40层),2017年,塔楼,4950000.0,51184
产权清晰，户型方正，望江看花园，通风采光好,金湾明珠 ,大坦沙,近地铁 VR看装修 房本满五年,5,一年前发布,3室2厅,97.34平米,东,精装,高楼层(共40层),2018年,塔楼,4750000.0,48799
万科柏悦湾 高层精装3房2卫  诚意出 望江望江,万科柏悦湾 ,大坦沙,近地铁 VR看装修 房本满五年,0,11个月以前发布,3室1厅,95.44平米,南北,其他,34层,2010年,塔楼,4700000.0,49246
万科柏悦湾 南向高层 望三江汇聚 高使用率,万科柏悦湾 ,大坦沙,近地铁 VR看装修 房本满五年 随时看房,1,4个月以前发布,3室2厅,98.28平米,南,其他,28层,2012年,塔楼,4820000.0,49044
天佑社区，大院管理，24小时安保，居住安全且舒适,黄沙大道 ,黄沙,近地铁 VR看装修 房本满五年 随时看房,2,9个月以前发布,2室1厅,28.75平米,东,简装,中楼层(共7层),1991年,塔楼,850000.0,29566
恒宝华庭 1号线长寿路地铁 3面视野无遮挡,恒宝华庭 ,西关,近地铁 VR看装修 房本满五年,4,一年前发布,3室1厅,97.43平米,南,精装,中楼层(共31层),2000年,板塔结合,4990000.0,51217
恒宝华庭 带有外飘阳台的东南户型 产权满五,恒宝华庭 ,西关,近地铁 VR看装修 房本满五年,0,一年前发布,3室2厅,91.9平米,东南,精装,中楼层(共31层),2000年,塔楼,4980000.0,54190
悦江上品苑 高层次新三房 望江视野开阔,悦江上品苑 ,大坦沙,近地铁 VR看装修 房本满五年 随时看房,5,一年前发布,3室2厅,94.58平米,西北北,其他,高楼层(共26层),2016年,塔楼,4800000.0,50751
恒宝华庭 东南向望花园 三房两厅  业主 诚心放卖,恒宝华庭 ,西关,近地铁 VR房源 房本满两年,1,9个月以前发布,3室2厅,92平米,东北,简装,中楼层(共31层),2000年,塔楼,5000000.0,54348
花语水岸 精装高层3房2卫 采光好  格局方正,花语水岸 ,大坦沙,近地铁 VR房源 房本满五年,1,4个月以前发布,3室1厅,108.19平米,南,其他,高楼层(共26层),2015年,塔楼,4990000.0,46123
首层 黄沙板块 恩宁永庆坊 近地铁,蓬莱路 ,黄沙,近地铁 VR看装修 房本满两年 随时看房,5,一年前发布,2室1厅,28.96平米,南,精装,低楼层(共3层),,板楼,830000.0,28661
柏悦湾 5/6号双线地铁坦尾站 高层望江  几乎全新大3房,万科柏悦湾 ,大坦沙,近地铁 VR看装修 房本满五年,19,一年前发布,3室2厅,98.28平米,东南,其他,28层,2012年,塔楼,4800000.0,48841
急！急！急！ 花语水岸 南向大三房 视野开阔 保养新,花语水岸 ,大坦沙,近地铁 VR看装修 房本满五年 随时看房,0,3个月以前发布,3室2厅,108.42平米,东南,其他,21层,2015年,塔楼,4590000.0,42336
柏悦湾 南向高层 望江3房 5/6号双线地铁站 坦尾站,万科柏悦湾 ,大坦沙,近地铁 VR看装修 房本满五年,7,一年前发布,3室2厅,95.84平米,西南,简装,21层,2012年,塔楼,4980000.0,51962
悦江上品苑实用3房，视野开阔无遮挡，西北向望江，,悦江上品苑 ,大坦沙,近地铁 VR看装修 房本满五年 随时看房,2,11个月以前发布,3室2厅,94.69平米,西北,其他,中楼层(共26层),2016年,塔楼,4700000.0,49636
通爽光猛正对园景，安静！现改小三房，有意可商议！,逸翠湾 ,黄沙,近地铁 VR看装修 房本满五年,2,9个月以前发布,3室1厅,104.88平米,东南,其他,低楼层(共36层),2009年,塔楼,5000000.0,47674
花语水岸 精装高层南向3房2卫 景观漂亮 看房方便,花语水岸 ,大坦沙,近地铁 VR看装修 房本满五年,0,1个月以前发布,3室1厅,108.54平米,东南,其他,高楼层(共26层),2015年,塔楼,4980000.0,45882
逸翠湾方正实用2房，厅出阳台，通风采光好,逸翠湾 ,黄沙,近地铁 VR看装修 房本满五年,1,10个月以前发布,2室2厅,90.46平米,东南,其他,低楼层(共45层),2009年,塔楼,5000000.0,55274
逸翠湾东向2房，通风采光好，过5唯一税费低。,逸翠湾 ,黄沙,近地铁 VR看装修 房本满五年 随时看房,0,3个月以前发布,2室2厅,90.46平米,东,其他,低楼层(共45层),2009年,塔楼,4800000.0,53063
花语水岸南向三房两卫，通风视野好，户型方正,花语水岸 ,大坦沙,近地铁 VR房源 房本满五年 随时看房,2,一年前发布,3室1厅,108.42平米,南,精装,21层,2015年,塔楼,4650000.0,42889
悦江上品苑 6号线河沙 望花园 精装3房 实用率高,悦江上品苑 ,大坦沙,近地铁 VR看装修 房本满五年,19,一年前发布,3室2厅,96.61平米,北,其他,低楼层(共26层),2016年,塔楼,4800000.0,49685
万科柏悦湾 精致装修 南向采光通风好,万科柏悦湾 ,大坦沙,近地铁 VR看装修 房本满五年,41,一年前发布,3室2厅,94.04平米,南,精装,34层,2010年,塔楼,4850000.0,51574
满五唯一，高楼层保养很好，南向采光好,花语水岸 ,大坦沙,近地铁 VR看装修 房本满五年,2,1个月以前发布,3室2厅,108.58平米,东南,其他,高楼层(共26层),2015年,塔楼,4960000.0,45681
万科柏悦湾 南北对流 高使用率3房带主套 通风采光好,万科柏悦湾 ,大坦沙,近地铁 VR房源 房本满五年,0,3个月以前发布,3室2厅,97.22平米,南,精装,14层,2012年,塔楼,4600000.0,47316
金湾准新房 东向望江 定制家电家私,金湾明珠 ,大坦沙,近地铁 VR看装修 房本满五年,3,一年前发布,3室2厅,97.08平米,东东南,精装,中楼层(共40层),2018年,塔楼,4700000.0,48414
此房满五年，产权清晰，户型方正，望花园，通风采光好,金湾明珠 ,大坦沙,近地铁 VR看装修 房本满两年 随时看房,1,一年前发布,3室2厅,91.89平米,西南,精装,高楼层(共40层),2017年,塔楼,4770000.0,51910
急 急 急 中高层3房2卫 望花园 5/6号双线坦尾地铁站,花语水岸 ,大坦沙,近地铁 VR看装修 房本满五年,2,一年前发布,3室2厅,106.04平米,东北,精装,26层,2015年,塔楼,4890000.0,46115
南向三房  户型方正   产权清晰,凯德双桥8号 ,大坦沙,近地铁 VR看装修 房本满两年,1,8个月以前发布,3室2厅,109.43平米,东南,其他,低楼层(共33层),,板楼,4850000.0,44321
长寿西站旁 开阳三房 次新楼盘 保养新净,逢源轩 ,西关,近地铁 VR看装修 房本满五年,2,8个月以前发布,3室1厅,94.43平米,南北,简装,中楼层(共32层),2008年,塔楼,4800000.0,50832
逸翠湾二房 低层望花园 带平台,逸翠湾 ,黄沙,近地铁 VR看装修 房本满五年,4,一年前发布,2室1厅,104.92平米,西北,其他,低楼层(共27层),2009年,塔楼,4980000.0,47465
五期南向四房两卫，采光通风好，少有的南向户型,珠岛花园 ,大坦沙,VR看装修 房本满五年 随时看房,2,6个月以前发布,4室2厅,108.59平米,南,简装,低楼层(共23层),1999年,塔楼,3250000.0,29930
全屋定制家具 精装修 人性化分层 分层出租,万科海上传奇 ,芳村,近地铁 房本满五年,4,一年前发布,1室1厅,27平米,南,其他,中楼层(共17层),2016年,板塔结合,1100000.0,40741
司马街小区，平层电梯，小户型，马赛克外墙，证过5年,西华路 ,西华路,近地铁 VR看装修 房本满五年,1,一年前发布,1室1厅,27.07平米,东北,其他,中楼层(共9层),,塔楼,1050000.0,38789
珠岛花园 正规四房二厅 南北对流 高层视野开阔,珠岛花园 ,大坦沙,VR房源 房本满两年,7,一年前发布,4室2厅,108平米,北,精装,高楼层(共23层),1999年,塔楼,4200000.0,38889
海上传奇 安静看花地河景色 可以分层出租,万科海上传奇 ,芳村,近地铁 房本满五年,0,一年前发布,1室1厅,27平米,东,其他,低楼层(共17层),2016年,板塔结合,1200000.0,44445
西华苑 标准的一房一厅 精装修,西华苑 ,西华路,近地铁 VR看装修 房本满五年,1,一年前发布,1室1厅,29平米,北,精装,中楼层(共21层),2002年,板楼,1450000.0,50000
富力盛悦居 小区楼龄新   少有放盘  老城区配套,富力盛悦居 ,西关,近地铁 VR房源 房本满五年,0,7个月以前发布,1室1厅,107.15平米,南北,简装,高楼层(共37层),2011年,塔楼,6080000.0,56743
珠岛花园5期 环境安静 交通便利 电梯四房,珠岛花园 ,大坦沙,VR房源 房本满五年,2,一年前发布,4室2厅,104.47平米,东,其他,低楼层(共23层),1999年,塔楼,4100000.0,39246
保利西悦湾观澜 4室1厅 南,保利西悦湾观澜 ,汾水,VR看装修,0,6个月以前发布,4室1厅,107.97平米,南,精装,低楼层(共25层),2022年,板楼,5800000.0,53719
五期电梯4房 自住保养好 装修新净,珠岛花园 ,大坦沙,VR看装修 房本满五年,0,9个月以前发布,4室2厅,108.7平米,东北,简装,低楼层(共23层),1999年,塔楼,3500000.0,32199
西华路 中层南北对流四房 随时看房,西华路 ,西华路,近地铁 VR看装修 房本满五年,38,一年前发布,4室1厅,97.84平米,南西北,其他,高楼层(共9层),,板楼,2900000.0,29641
近江景配套成熟 看房方便 交通好,万科海上传奇 ,芳村,近地铁 房本满五年,2,一年前发布,1室1厅,27平米,南,精装,高楼层(共17层),2016年,板塔结合,1250000.0,46297
地铁盘 公园房 大四房 高层 原装电梯楼 租金5000,西关大厦 ,人民路,近地铁 VR看装修 房本满两年,2,一年前发布,4室1厅,94平米,南,精装,高楼层(共20层),1989年,塔楼,3280000.0,34894
万盛苑 电梯4房 产权过五年 地铁11号线石围塘在建,万盛苑 ,芳村,VR看装修 房本满五年,74,一年前发布,4室2厅,105平米,东南,简装,中楼层(共12层),2005年,塔楼,3550000.0,33810
流花湖，业主精装修，楼龄新，长形砖外墙，大院管理,站前路(荔湾) ,流花站前,近地铁 VR看装修,0,5个月以前发布,1室0厅,27.82平米,南,精装,中楼层(共9层),,塔楼,1080000.0,38821
华贵路整栋私房  已重建 满五年,华贵路 ,龙津,近地铁 VR看装修 房本满五年,1,一年前发布,1室0厅,25.25平米,东,简装,低楼层(共2层),,暂无数据,1190000.0,47129
翠竹苑二期 实用四房 中高层单位 通风采光好,恒利翠竹苑 ,鹤洞,近地铁 VR看装修 房本满五年 随时看房,14,一年前发布,4室2厅,103.56平米,东南,精装,中楼层(共33层),2000年,塔楼,3000000.0,28969
万科海上传奇 带大平台 1号芳村上盖 白鹅潭芯,万科海上传奇 ,芳村,近地铁 房本满五年,1,一年前发布,1室1厅,27.62平米,西南,精装,低楼层(共17层),2016年,板塔结合,1150000.0,41637
"望园林安静舒适,方正格局实用,蚩诘靥站,保养好",新世界逸彩庭园 ,蚩,近地铁 VR房源 房本满五年 随时看房,0,7个月以前发布,4室1厅,99.8平米,西北,其他,低楼层(共6层),2007年,板楼,3680000.0,36874
贵贤上品罕见户型 通风采光良好,贵贤上品 ,龙津,近地铁 房本满五年,14,一年前发布,1室0厅,101.8平米,东南,简装,高楼层(共35层),2013年,塔楼,2180000.0,21415
小区管理，满五唯一 双阳台通风对流，保养新安静不吵,金盈居 ,周门,近地铁 VR看装修 房本满五年,0,8个月以前发布,4室1厅,105.97平米,北,简装,高楼层(共20层),2003年,塔楼,4280000.0,40389
元邦少有复式3层 4房 中高楼层 看房方便,元邦明月星辉 ,龙津,VR房源 房本满五年,16,9个月以前发布,4室2厅,96.31平米,南,其他,中楼层(共16层),2011年,塔楼,7080000.0,73513
双地铁线龙津东路欧家园中层单位,龙津东路 ,龙津,VR看装修 房本满五年,0,3个月以前发布,4室2厅,105.56平米,东南,其他,中楼层(共9层),1997年,塔楼,3300000.0,31262
荔湾南湾 四房二卫全明窗 大平台11方 阳台南向望花园,城启荔港南湾 ,南岸路,近地铁 VR房源 房本满两年,2,11个月以前发布,4室1厅,105.04平米,西南,精装,低楼层(共25层),1999年,塔楼,4200000.0,39985
彩虹地铁站沿线 小区管理 大户型 双阳台 有停车场,西华路 ,西华路,近地铁 VR看装修,3,一年前发布,4室1厅,104.53平米,东西北,其他,中楼层(共9层),1994年,塔楼,3330000.0,31857
桥东小区厅出阳台大三房  满五中层,桥东小区 ,蚩,近地铁 VR房源 房本满五年,13,一年前发布,4室1厅,93.42平米,南,精装,中楼层(共8层),1995年,塔楼,1750000.0,18733
西村地铁口50米大院管理可公积金,荔新大厦 ,西村,VR看装修 房本满两年,0,1个月以前发布,1室0厅,25.28平米,南,其他,高楼层(共9层),,塔楼,1350000.0,53402
电梯大院管理 业主自住 产权清晰 采光好 西场地铁口,富力路 ,南岸路,VR看装修 房本满五年,3,5个月以前发布,4室2厅,95.93平米,东南北,精装,低楼层(共9层),,塔楼,2600000.0,27104
珠岛五期四房两卫  中层采光通风好,珠岛花园 ,大坦沙,VR看装修 房本满五年 随时看房,0,3个月以前发布,4室2厅,108.59平米,北,简装,中楼层(共23层),1999年,塔楼,3180000.0,29285
流花湖畔，4房1厅，南北对流，绝顶4房三代同堂,站前路(荔湾) ,流花站前,VR看装修 房本满两年,0,8个月以前发布,4室1厅,90.46平米,南,其他,中楼层(共9层),,暂无数据,3200000.0,35375
此房已满二，南向四房，可刚需改善,荔江美筑 ,蚩,VR看装修 房本满两年,1,9个月以前发布,4室1厅,107.09平米,西南,精装,高楼层(共14层),2011年,塔楼,4200000.0,39220
荔新大厦电梯四房  精装拎包入住 地铁口  无占用,荔新大厦 ,西村,近地铁 VR看装修 房本满五年,0,3个月以前发布,4室1厅,106.6平米,东,精装,高楼层(共9层),,塔楼,4500000.0,42214
富力环市西苑 南向三房 望花园 户型好,富力环市西苑 ,西村,近地铁 VR房源 房本满五年,0,8个月以前发布,4室1厅,92.86平米,南,其他,低楼层(共14层),2000年,塔楼,5250000.0,56537
协和 商品  5/8号线地铁口 中间楼层,西湾路 ,西村,近地铁 VR看装修 房本满五年 随时看房,1,一年前发布,1室1厅,28.62平米,南,其他,中楼层(共6层),,塔楼,1160000.0,40532
陈家祠板块  格局方正  环境好，小区管理好,龙津世家 ,龙津,近地铁 VR看装修 房本满五年,0,8个月以前发布,1室1厅,94.65平米,东南,其他,中楼层(共32层),,塔楼,6100000.0,64448
西湾路，复式一房，地铁300米，xie和，框架,西湾路 ,西村,近地铁 VR看装修 房本满两年 随时看房,0,30,1室1厅,28.7平米,东,其他,低楼层(共9层),1980年,塔楼,1190000.0,41464
