标题,小区名,位置,标签,关注人数,发布时间,房间类型,面积,朝向,装修,楼层,楼况,年份,总价,单价
中楼层 南向 格局方正 交通便利,大新路 ,解放南,近地铁 VR看装修 房本满五年,1,1个月以前发布,4室1厅,78.26平米,南,简装,中楼层(共9层),塔楼,,1990000.0,25429
原装电梯楼高层楼龄新视野好方正实用采光好交通便利,金湾畔大厦 ,越秀南,VR看装修 房本满五年,0,1个月以前发布,1室1厅,47.17平米,北,精装,高楼层(共41层),塔楼,2009年,2250000.0,47700
西门口九年升知Y舒适独立大院采光好一梯两户,净慧路 ,西门口,近地铁 VR房源 房本满五年 随时看房,8,7个月以前发布,2室1厅,53.1平米,东,简装,中楼层(共8层),塔楼,,1180000.0,22223
采光通风好 交通便利 配套成熟 环境优美,解放中路 ,公园前,近地铁 VR看装修 房本满五年 随时看房,12,4个月以前发布,2室1厅,32.65平米,南西南,简装,高楼层(共9层),塔楼,,690000.0,21134
环球广场 有独立卫生间 西门口单间 全新装修家私免费,环球广场 ,西华路,近地铁 房本满两年,2,10个月以前发布,1室1厅,29.01平米,东,精装,高楼层(共15层),塔楼,,500000.0,17236
署前小大院环境管理，安静东南向楼层好全明屋采光很好,教工新村 ,东山口,近地铁 VR看装修 房本满五年 随时看房,0,3个月以前发布,3室1厅,51.34平米,东南南,精装,低楼层(共8层),塔楼,1996年,3400000.0,66226
寺右二马路精装带主套南向三房 配套成熟 交通方便,寺右二马路 ,五羊新城,近地铁 VR看装修 房本满五年,3,9个月以前发布,3室1厅,76.02平米,南北,其他,低楼层(共9层),塔楼,1989年,3480000.0,45778
高层南向望江  楼下地铁站 原装电梯 住宅性质 视野好,锦源国际公寓 ,北京路,VR看装修 房本满五年,1,1个月以前发布,1室1厅,37.93平米,南,其他,中楼层(共37层),塔楼,1997年,1199900.0,31635
朝天 商品房，石米框架 顶楼带天台，细积总j低,朝天路 ,西门口,近地铁 VR看装修 房本满五年 随时看房,1,2个月以前发布,2室1厅,37.4平米,东,简装,高楼层(共9层),塔楼,,1120000.0,29947
原装电梯房 位置安静 南北向 楼龄新 朝阳社区 精装修,文德路 ,北京路,近地铁 VR看装修 房本满五年,3,一年前发布,1室1厅,29.8平米,南,其他,中楼层(共13层),塔楼,,1050000.0,35235
此房满五不唯一，采光通风好，楼层不错，业主诚心放卖,保利麓苑 ,淘金,近地铁 VR看装修 房本满五年 随时看房,2,9个月以前发布,3室1厅,93.61平米,东北,精装,低楼层(共33层),塔楼,,5600000.0,59823
省府旁省一级小北本bu+越秀公园天然氧吧+精装三房,应元路 ,小北,VR看装修 房本满五年 随时看房,3,9个月以前发布,3室2厅,76.03平米,东南,简装,低楼层(共6层),板楼,,3830000.0,50375
都府小区 广中路校址 两房 框架 过五唯一,都府社区 ,公园前,近地铁 VR房源 房本满五年 随时看房,2,1个月以前发布,2室1厅,32.02平米,北,其他,中楼层(共9层),塔楼,1998年,1300000.0,40600
湖滨苑 低楼层 实用两房 有钥匙随时看房,湖滨小区 ,东湖,近地铁 VR房源 房本满五年 随时看房,4,一年前发布,2室1厅,48.2平米,南,简装,中楼层(共6层),塔楼,,1720000.0,35685
共和西小区 3室1厅 东,共和西小区 ,杨箕,近地铁 VR看装修 房本满两年,2,22,3室1厅,99.8平米,东,简装,高楼层(共31层),塔楼,,8000000.0,80161
区庄村精装修三房，可领包入住，交通生活便利,区庄村 ,黄花岗,VR看装修 房本满五年 随时看房,5,4个月以前发布,3室1厅,61.91平米,南,精装,中楼层(共9层),塔楼,1990年,2520000.0,40705
商品满五不唯一，电梯组织中，花园小区，安静,金羊花园 ,杨箕,近地铁 VR看装修 房本满五年,9,10个月以前发布,3室2厅,91.79平米,南北,简装,高楼层(共9层),塔楼,2000年,5360000.0,58395
纪念堂旁边，加装平层电梯，精品装修，正规三房,解放北路(越秀区) ,解放北,VR看装修 房本满五年,2,11个月以前发布,3室2厅,85.08平米,东西北,其他,中楼层(共7层),塔楼,1990年,3880000.0,45605
丽苑大厦 原装电梯 精装修两房自住 安静 保养采光好,丽苑大厦(越秀区) ,东川路,近地铁 VR房源 房本满五年,33,6个月以前发布,2室1厅,78.45平米,东,精装,高楼层(共17层),塔楼,1998年,3300000.0,42066
华侨乐园 东南向两房 业主急出 有K随时看楼,华侨乐园 ,淘金,近地铁 VR房源 房本满五年,5,8个月以前发布,2室1厅,75.55平米,东南,简装,低楼层(共26层),塔楼,1995年,2980000.0,39445
东风西范围 满五唯一 中层单位 安静近公园 低层邻医院,盘福路 ,盘福,近地铁 VR房源 房本满五年,1,2个月以前发布,2室1厅,52.27平米,南西,精装,中楼层(共9层),塔楼,,1800000.0,34437
入省东风西 离纪念堂地铁站200米 南北对流,解放北路(越秀区) ,解放北,近地铁 VR房源 房本满两年 随时看房,8,一年前发布,3室1厅,37.02平米,南北,精装,中楼层(共7层),塔楼,,1330000.0,35927
天河龙岗院子管理电梯刚需小三房安静不吵,水荫路 ,水荫,近地铁 VR看装修 房本满五年,5,5个月以前发布,3室1厅,67.08平米,东南,简装,高楼层(共8层),塔楼,,1880000.0,28027
东兴小区 封闭式管理 小区环境安静 东南向,东兴小区 ,五羊新城,近地铁 VR看装修 房本满五年,1,4个月以前发布,3室2厅,76.2平米,东南,其他,低楼层(共9层),塔楼,1995年,3600000.0,47245
建设二马路有位置加装电梯 一房一厅 户型方正南北对流,建设二马路 ,建设路,近地铁 VR房源 房本满五年 随时看房,2,2个月以前发布,1室1厅,39.86平米,南北,简装,中楼层(共7层),板楼,,1300000.0,32615
华侨乐园 南向安静 大三房 户型好 装修靓,华侨乐园 ,淘金,近地铁 VR看装修 房本满五年 随时看房,32,一年前发布,3室2厅,129平米,西南,精装,低楼层(共18层),塔楼,1995年,5300000.0,41086
黄花岗 先烈中路 环市东路 电梯框架两房,环市东路 ,环市东,近地铁 VR看装修 房本满五年 随时看房,0,1个月以前发布,2室1厅,77.28平米,南,精装,中楼层(共9层),塔楼,,2900000.0,37526
东南向电梯两房，安静舒适，通风采光好,东方花苑 ,杨箕,近地铁 VR看装修 房本满五年 随时看房,5,3个月以前发布,2室1厅,74.04平米,东南,简装,高楼层(共9层),塔楼,1999年,3540000.0,47812
东山培正，电梯平层实用三房，全明屋，框架结构,东华东路 ,东川路,近地铁 VR看装修 房本满五年,2,3个月以前发布,3室1厅,64.08平米,东北,其他,中楼层(共9层),塔楼,,3900000.0,60862
大院管理 原小北 加装电梯平层 实用率92% 全明布局,小北路 ,小北,近地铁 VR看装修 房本满五年 随时看房,8,5个月以前发布,3室1厅,99.63平米,东南北,精装,高楼层(共9层),塔楼,1993年,6480000.0,65041
中楼层 南向 格局方正 交通便利,大新路 ,解放南,近地铁 VR看装修 房本满五年,1,1个月以前发布,4室1厅,78.26平米,南,简装,中楼层(共9层),塔楼,,1990000.0,25429
原装电梯楼高层楼龄新视野好方正实用采光好交通便利,金湾畔大厦 ,越秀南,VR看装修 房本满五年,0,1个月以前发布,1室1厅,47.17平米,北,精装,高楼层(共41层),塔楼,2009年,2250000.0,47700
西门口九年升知Y舒适独立大院采光好一梯两户,净慧路 ,西门口,近地铁 VR房源 房本满五年 随时看房,8,7个月以前发布,2室1厅,53.1平米,东,简装,中楼层(共8层),塔楼,,1180000.0,22223
采光通风好 交通便利 配套成熟 环境优美,解放中路 ,公园前,近地铁 VR看装修 房本满五年 随时看房,12,4个月以前发布,2室1厅,32.65平米,南西南,简装,高楼层(共9层),塔楼,,690000.0,21134
环球广场 有独立卫生间 西门口单间 全新装修家私免费,环球广场 ,西华路,近地铁 房本满两年,2,10个月以前发布,1室1厅,29.01平米,东,精装,高楼层(共15层),塔楼,,500000.0,17236
署前小大院环境管理，安静东南向楼层好全明屋采光很好,教工新村 ,东山口,近地铁 VR看装修 房本满五年 随时看房,0,3个月以前发布,3室1厅,51.34平米,东南南,精装,低楼层(共8层),塔楼,1996年,3400000.0,66226
寺右二马路精装带主套南向三房 配套成熟 交通方便,寺右二马路 ,五羊新城,近地铁 VR看装修 房本满五年,3,9个月以前发布,3室1厅,76.02平米,南北,其他,低楼层(共9层),塔楼,1989年,3480000.0,45778
高层南向望江  楼下地铁站 原装电梯 住宅性质 视野好,锦源国际公寓 ,北京路,VR看装修 房本满五年,1,1个月以前发布,1室1厅,37.93平米,南,其他,中楼层(共37层),塔楼,1997年,1199900.0,31635
朝天 商品房，石米框架 顶楼带天台，细积总j低,朝天路 ,西门口,近地铁 VR看装修 房本满五年 随时看房,1,2个月以前发布,2室1厅,37.4平米,东,简装,高楼层(共9层),塔楼,,1120000.0,29947
原装电梯房 位置安静 南北向 楼龄新 朝阳社区 精装修,文德路 ,北京路,近地铁 VR看装修 房本满五年,3,一年前发布,1室1厅,29.8平米,南,其他,中楼层(共13层),塔楼,,1050000.0,35235
此房满五不唯一，采光通风好，楼层不错，业主诚心放卖,保利麓苑 ,淘金,近地铁 VR看装修 房本满五年 随时看房,2,9个月以前发布,3室1厅,93.61平米,东北,精装,低楼层(共33层),塔楼,,5600000.0,59823
省府旁省一级小北本bu+越秀公园天然氧吧+精装三房,应元路 ,小北,VR看装修 房本满五年 随时看房,3,9个月以前发布,3室2厅,76.03平米,东南,简装,低楼层(共6层),板楼,,3830000.0,50375
都府小区 广中路校址 两房 框架 过五唯一,都府社区 ,公园前,近地铁 VR房源 房本满五年 随时看房,2,1个月以前发布,2室1厅,32.02平米,北,其他,中楼层(共9层),塔楼,1998年,1300000.0,40600
湖滨苑 低楼层 实用两房 有钥匙随时看房,湖滨小区 ,东湖,近地铁 VR房源 房本满五年 随时看房,4,一年前发布,2室1厅,48.2平米,南,简装,中楼层(共6层),塔楼,,1720000.0,35685
共和西小区 3室1厅 东,共和西小区 ,杨箕,近地铁 VR看装修 房本满两年,2,22,3室1厅,99.8平米,东,简装,高楼层(共31层),塔楼,,8000000.0,80161
区庄村精装修三房，可领包入住，交通生活便利,区庄村 ,黄花岗,VR看装修 房本满五年 随时看房,5,4个月以前发布,3室1厅,61.91平米,南,精装,中楼层(共9层),塔楼,1990年,2520000.0,40705
商品满五不唯一，电梯组织中，花园小区，安静,金羊花园 ,杨箕,近地铁 VR看装修 房本满五年,9,10个月以前发布,3室2厅,91.79平米,南北,简装,高楼层(共9层),塔楼,2000年,5360000.0,58395
纪念堂旁边，加装平层电梯，精品装修，正规三房,解放北路(越秀区) ,解放北,VR看装修 房本满五年,2,11个月以前发布,3室2厅,85.08平米,东西北,其他,中楼层(共7层),塔楼,1990年,3880000.0,45605
丽苑大厦 原装电梯 精装修两房自住 安静 保养采光好,丽苑大厦(越秀区) ,东川路,近地铁 VR房源 房本满五年,33,6个月以前发布,2室1厅,78.45平米,东,精装,高楼层(共17层),塔楼,1998年,3300000.0,42066
华侨乐园 东南向两房 业主急出 有K随时看楼,华侨乐园 ,淘金,近地铁 VR房源 房本满五年,5,8个月以前发布,2室1厅,75.55平米,东南,简装,低楼层(共26层),塔楼,1995年,2980000.0,39445
东风西范围 满五唯一 中层单位 安静近公园 低层邻医院,盘福路 ,盘福,近地铁 VR房源 房本满五年,1,2个月以前发布,2室1厅,52.27平米,南西,精装,中楼层(共9层),塔楼,,1800000.0,34437
入省东风西 离纪念堂地铁站200米 南北对流,解放北路(越秀区) ,解放北,近地铁 VR房源 房本满两年 随时看房,8,一年前发布,3室1厅,37.02平米,南北,精装,中楼层(共7层),塔楼,,1330000.0,35927
天河龙岗院子管理电梯刚需小三房安静不吵,水荫路 ,水荫,近地铁 VR看装修 房本满五年,5,5个月以前发布,3室1厅,67.08平米,东南,简装,高楼层(共8层),塔楼,,1880000.0,28027
东兴小区 封闭式管理 小区环境安静 东南向,东兴小区 ,五羊新城,近地铁 VR看装修 房本满五年,1,4个月以前发布,3室2厅,76.2平米,东南,其他,低楼层(共9层),塔楼,1995年,3600000.0,47245
建设二马路有位置加装电梯 一房一厅 户型方正南北对流,建设二马路 ,建设路,近地铁 VR房源 房本满五年 随时看房,2,2个月以前发布,1室1厅,39.86平米,南北,简装,中楼层(共7层),板楼,,1300000.0,32615
华侨乐园 南向安静 大三房 户型好 装修靓,华侨乐园 ,淘金,近地铁 VR看装修 房本满五年 随时看房,32,一年前发布,3室2厅,129平米,西南,精装,低楼层(共18层),塔楼,1995年,5300000.0,41086
黄花岗 先烈中路 环市东路 电梯框架两房,环市东路 ,环市东,近地铁 VR看装修 房本满五年 随时看房,0,1个月以前发布,2室1厅,77.28平米,南,精装,中楼层(共9层),塔楼,,2900000.0,37526
东南向电梯两房，安静舒适，通风采光好,东方花苑 ,杨箕,近地铁 VR看装修 房本满五年 随时看房,5,3个月以前发布,2室1厅,74.04平米,东南,简装,高楼层(共9层),塔楼,1999年,3540000.0,47812
东山培正，电梯平层实用三房，全明屋，框架结构,东华东路 ,东川路,近地铁 VR看装修 房本满五年,2,3个月以前发布,3室1厅,64.08平米,东北,其他,中楼层(共9层),塔楼,,3900000.0,60862
大院管理 原小北 加装电梯平层 实用率92% 全明布局,小北路 ,小北,近地铁 VR看装修 房本满五年 随时看房,8,5个月以前发布,3室1厅,99.63平米,东南北,精装,高楼层(共9层),塔楼,1993年,6480000.0,65041
环球广场 有独立卫生间 西门口单间 全新装修家私免费,环球广场 ,西华路,近地铁 房本满两年,2,10个月以前发布,1室1厅,29.01平米,东,精装,高楼层(共15层),塔楼,,500000.0,17236
署前小大院环境管理，安静东南向楼层好全明屋采光很好,教工新村 ,东山口,近地铁 VR看装修 房本满五年 随时看房,0,3个月以前发布,3室1厅,51.34平米,东南南,精装,低楼层(共8层),塔楼,1996年,3400000.0,66226
采光通风好 交通便利 配套成熟 环境优美,解放中路 ,公园前,近地铁 VR看装修 房本满五年 随时看房,12,4个月以前发布,2室1厅,32.65平米,南西南,简装,高楼层(共9层),塔楼,,690000.0,21134
中楼层 南向 格局方正 交通便利,大新路 ,解放南,近地铁 VR看装修 房本满五年,1,1个月以前发布,4室1厅,78.26平米,南,简装,中楼层(共9层),塔楼,,1990000.0,25429
西门口九年升知Y舒适独立大院采光好一梯两户,净慧路 ,西门口,近地铁 VR房源 房本满五年 随时看房,8,7个月以前发布,2室1厅,53.1平米,东,简装,中楼层(共8层),塔楼,,1180000.0,22223
原装电梯楼高层楼龄新视野好方正实用采光好交通便利,金湾畔大厦 ,越秀南,VR看装修 房本满五年,0,1个月以前发布,1室1厅,47.17平米,北,精装,高楼层(共41层),塔楼,2009年,2250000.0,47700
交通方便，配套成熟，生活便利，大院管理,水荫路 ,水荫,近地铁 VR看装修 房本满五年,3,10个月以前发布,3室1厅,92.76平米,东西,其他,高楼层(共9层),塔楼,1990年,3100000.0,33420
此房是住宅性质  原装电梯 高层视野开阔 交通便捷,广东国际大厦 ,淘金,近地铁 VR看装修 房本满五年,2,18,3室2厅,158.02平米,东东南南,精装,中楼层(共35层),塔楼,1990年,5500000.0,34806
朝天 商品房，石米框架 顶楼带天台，细积总j低,朝天路 ,西门口,近地铁 VR看装修 房本满五年 随时看房,1,2个月以前发布,2室1厅,37.4平米,东,简装,高楼层(共9层),塔楼,,1120000.0,29947
寺右二马路精装带主套南向三房 配套成熟 交通方便,寺右二马路 ,五羊新城,近地铁 VR看装修 房本满五年,3,9个月以前发布,3室1厅,76.02平米,南北,其他,低楼层(共9层),塔楼,1989年,3480000.0,45778
此房满五不唯一，采光通风好，楼层不错，业主诚心放卖,保利麓苑 ,淘金,近地铁 VR看装修 房本满五年 随时看房,2,9个月以前发布,3室1厅,93.61平米,东北,精装,低楼层(共33层),塔楼,,5600000.0,59823
原装电梯房 位置安静 南北向 楼龄新 朝阳社区 精装修,文德路 ,北京路,近地铁 VR看装修 房本满五年,3,一年前发布,1室1厅,29.8平米,南,其他,中楼层(共13层),塔楼,,1050000.0,35235
纪念堂旁边，加装平层电梯，精品装修，正规三房,解放北路(越秀区) ,解放北,VR看装修 房本满五年,2,11个月以前发布,3室2厅,85.08平米,东西北,其他,中楼层(共7层),塔楼,1990年,3880000.0,45605
商品满五不唯一，电梯组织中，花园小区，安静,金羊花园 ,杨箕,近地铁 VR看装修 房本满五年,9,10个月以前发布,3室2厅,91.79平米,南北,简装,高楼层(共9层),塔楼,2000年,5360000.0,58395
省府旁省一级小北本bu+越秀公园天然氧吧+精装三房,应元路 ,小北,VR看装修 房本满五年 随时看房,3,9个月以前发布,3室2厅,76.03平米,东南,简装,低楼层(共6层),板楼,,3830000.0,50375
都府小区 广中路校址 两房 框架 过五唯一,都府社区 ,公园前,近地铁 VR房源 房本满五年 随时看房,2,1个月以前发布,2室1厅,32.02平米,北,其他,中楼层(共9层),塔楼,1998年,1300000.0,40600
湖滨苑 低楼层 实用两房 有钥匙随时看房,湖滨小区 ,东湖,近地铁 VR房源 房本满五年 随时看房,4,一年前发布,2室1厅,48.2平米,南,简装,中楼层(共6层),塔楼,,1720000.0,35685
区庄村精装修三房，可领包入住，交通生活便利,区庄村 ,黄花岗,VR看装修 房本满五年 随时看房,5,4个月以前发布,3室1厅,61.91平米,南,精装,中楼层(共9层),塔楼,1990年,2520000.0,40705
天河龙岗院子管理电梯刚需小三房安静不吵,水荫路 ,水荫,近地铁 VR看装修 房本满五年,5,5个月以前发布,3室1厅,67.08平米,东南,简装,高楼层(共8层),塔楼,,1880000.0,28027
东兴小区 封闭式管理 小区环境安静 东南向,东兴小区 ,五羊新城,近地铁 VR看装修 房本满五年,1,4个月以前发布,3室2厅,76.2平米,东南,其他,低楼层(共9层),塔楼,1995年,3600000.0,47245
东风西范围 满五唯一 中层单位 安静近公园 低层邻医院,盘福路 ,盘福,近地铁 VR房源 房本满五年,1,2个月以前发布,2室1厅,52.27平米,南西,精装,中楼层(共9层),塔楼,,1800000.0,34437
华侨乐园 东南向两房 业主急出 有K随时看楼,华侨乐园 ,淘金,近地铁 VR房源 房本满五年,5,8个月以前发布,2室1厅,75.55平米,东南,简装,低楼层(共26层),塔楼,1995年,2980000.0,39445
入省东风西 离纪念堂地铁站200米 南北对流,解放北路(越秀区) ,解放北,近地铁 VR房源 房本满两年 随时看房,8,一年前发布,3室1厅,37.02平米,南北,精装,中楼层(共7层),塔楼,,1330000.0,35927
共和西小区 3室1厅 东,共和西小区 ,杨箕,近地铁 VR看装修 房本满两年,2,22,3室1厅,99.8平米,东,简装,高楼层(共31层),塔楼,,8000000.0,80161
丽苑大厦 原装电梯 精装修两房自住 安静 保养采光好,丽苑大厦(越秀区) ,东川路,近地铁 VR房源 房本满五年,33,6个月以前发布,2室1厅,78.45平米,东,精装,高楼层(共17层),塔楼,1998年,3300000.0,42066
大院管理 原小北 加装电梯平层 实用率92% 全明布局,小北路 ,小北,近地铁 VR看装修 房本满五年 随时看房,8,5个月以前发布,3室1厅,99.63平米,东南北,精装,高楼层(共9层),塔楼,1993年,6480000.0,65041
建设二马路有位置加装电梯 一房一厅 户型方正南北对流,建设二马路 ,建设路,近地铁 VR房源 房本满五年 随时看房,2,2个月以前发布,1室1厅,39.86平米,南北,简装,中楼层(共7层),板楼,,1300000.0,32615
旧部qian 中层南北对流近地铁通风采光充,大新路 ,解放南,近地铁 VR看装修 房本满五年 随时看房,2,3个月以前发布,2室1厅,45.03平米,南,简装,中楼层(共8层),暂无数据,,1300000.0,28870
东山培正，电梯平层实用三房，全明屋，框架结构,东华东路 ,东川路,近地铁 VR看装修 房本满五年,2,3个月以前发布,3室1厅,64.08平米,东北,其他,中楼层(共9层),塔楼,,3900000.0,60862
黄花岗 先烈中路 环市东路 电梯框架两房,环市东路 ,环市东,近地铁 VR看装修 房本满五年 随时看房,0,1个月以前发布,2室1厅,77.28平米,南,精装,中楼层(共9层),塔楼,,2900000.0,37526
东山培正，电梯平层实用三房，全明屋，框架结构,东华东路 ,东川路,近地铁 VR看装修 房本满五年,2,3个月以前发布,3室1厅,64.08平米,东北,其他,中楼层(共9层),塔楼,,3900000.0,60862
建设二马路有位置加装电梯 一房一厅 户型方正南北对流,建设二马路 ,建设路,近地铁 VR房源 房本满五年 随时看房,2,2个月以前发布,1室1厅,39.86平米,南北,简装,中楼层(共7层),板楼,,1300000.0,32615
大院管理 原小北 加装电梯平层 实用率92% 全明布局,小北路 ,小北,近地铁 VR看装修 房本满五年 随时看房,8,5个月以前发布,3室1厅,99.63平米,东南北,精装,高楼层(共9层),塔楼,1993年,6480000.0,65041
旧部qian 中层南北对流近地铁通风采光充,大新路 ,解放南,近地铁 VR看装修 房本满五年 随时看房,2,3个月以前发布,2室1厅,45.03平米,南,简装,中楼层(共8层),暂无数据,,1300000.0,28870
永福西约高层视野开阔采光通风好交通便利安全安静,永福路永福西约 ,黄花岗,近地铁 VR看装修 房本满五年,6,一年前发布,2室1厅,45.25平米,西南,简装,高楼层(共9层),塔楼,1995年,1630000.0,36023
黄田小区，邻近麓湖，低层两房，安静，房改,黄田小区 ,麓景,近地铁 VR房源 房本满五年 随时看房,16,一年前发布,2室1厅,59.2平米,东西,简装,低楼层(共9层),塔楼,1988年,1700000.0,28717
淘金路 电梯精装好房 一梯两户南北对流采光好　双阳台,淘金路 ,淘金,VR看装修 房本满五年 随时看房,4,一年前发布,2室1厅,65.78平米,南北,精装,中楼层(共9层),塔楼,1990年,3300000.0,50168
水荫直街 东南巷 小户型 有电梯,水荫直街 ,水荫,近地铁 VR看装修 房本满五年 随时看房,0,4个月以前发布,2室1厅,55.58平米,南,精装,高楼层(共8层),塔楼,1992年,2280000.0,41022
中山一路 低楼层 南北对流安静两房,中山一路 ,东风东,近地铁 VR看装修 房本满两年 随时看房,5,5个月以前发布,2室1厅,63.5平米,南北,精装,低楼层(共8层),塔楼,,2690000.0,42363
农林东路 一手业主 原装电梯 全明四房 安静光线好,农林东路 ,东山口,近地铁 VR房源 房本满五年 随时看房,101,一年前发布,4室2厅,172.45平米,南,简装,低楼层(共10层),塔楼,,8500000.0,49290
站西路 小两房 刚需上车 户型方正 采光通透,站西路 ,流花站前,近地铁 VR看装修 房本满五年,1,4个月以前发布,2室1厅,54.09平米,南,简装,中楼层(共7层),塔楼,,1200000.0,22186
淘金路 东南向 三房两厅 大院管理,淘金路 ,淘金,VR看装修 房本满五年,1,12,3室2厅,104.89平米,东南,简装,中楼层(共9层),塔楼,1996年,3600000.0,34322
火车头大院里 三房带储物间 新加电梯高层 精装修,东园新村 ,东山口,近地铁 VR看装修 房本满五年 随时看房,9,4个月以前发布,3室1厅,88.94平米,南北,精装,高楼层(共7层),板楼,,5200000.0,58467
房子大院管理+户型实用+南向厅出阳台+采光通风好,淘金路 ,淘金,近地铁 VR看装修 房本满两年,5,一年前发布,2室1厅,60.36平米,南,简装,中楼层(共9层),塔楼,1992年,2770000.0,45892
华侨乐园 南向安静 大三房 户型好 装修靓,华侨乐园 ,淘金,近地铁 VR看装修 房本满五年 随时看房,32,一年前发布,3室2厅,129平米,西南,精装,低楼层(共18层),塔楼,1995年,5300000.0,41086
诗书路  加装电梯平层  两房一厅  西北向,诗书路 ,人民路,近地铁 VR房源 房本满五年,10,11个月以前发布,2室1厅,52.37平米,东,简装,低楼层(共9层),塔楼,,1340000.0,25588
东南向电梯两房，安静舒适，通风采光好,东方花苑 ,杨箕,近地铁 VR看装修 房本满五年 随时看房,5,3个月以前发布,2室1厅,74.04平米,东南,简装,高楼层(共9层),塔楼,1999年,3540000.0,47812
黄花岗 先烈中路 环市东路 电梯框架两房,环市东路 ,环市东,近地铁 VR看装修 房本满五年 随时看房,0,1个月以前发布,2室1厅,77.28平米,南,精装,中楼层(共9层),塔楼,,2900000.0,37526
省级东川 品质小区 南向大阳台 业主诚心出,体委大院 ,东川路,VR房源 房本满五年 随时看房,1,9个月以前发布,2室2厅,69.03平米,东南,简装,中楼层(共8层),塔楼,1993年,3500000.0,50703
海印大厦  大两房  户型方正实用 看房方便,海印大厦 ,东湖,近地铁 VR看装修 房本满五年,1,2个月以前发布,2室1厅,79.1平米,南,其他,中楼层(共29层),塔楼,2001年,3900000.0,49305
东南西向两房，房改实用高，六榕路模范社区,六榕路 ,西门口,VR房源 房本满五年 随时看房,0,4个月以前发布,2室1厅,57.19平米,东南西,其他,中楼层(共7层),塔楼,,1450000.0,25355
东湖板块南向精装两房户型方正看房提前预约,大沙头路 ,东湖,近地铁 VR看装修 房本满五年,0,2个月以前发布,2室1厅,35.7平米,南,精装,中楼层(共9层),塔楼,1992年,1550000.0,43418
越秀区 公园前 户型方正  带大阳台,解放中路 ,公园前,VR看装修 随时看房,0,23,2室1厅,53.79平米,东南,简装,高楼层(共8层),塔楼,,1150000.0,21380
越瑞大厦电梯全明3房带阳台户型方正31000/平,越瑞大厦 ,人民路,VR看装修 房本满五年,1,1个月以前发布,3室1厅,85.63平米,西南,简装,高楼层(共18层),塔楼,2000年,2670000.0,31181
东华东 电梯三房 一梯两户 南北对流 装修新净,东华东路 ,东川路,近地铁 VR看装修 房本满五年,1,17,3室1厅,77.8平米,南北,精装,中楼层(共9层),塔楼,,3680000.0,47301
电梯平层，南向一房，马赛克外墙，小户型上车,德政北路 ,农讲所,近地铁 VR房源 房本满五年 随时看房,0,16,1室0厅,24.31平米,南,精装,高楼层(共9层),塔楼,,738000.0,30358
农讲所社区旺中带静加装电梯大三房 南北向使用率高,中山四路 ,公园前,近地铁 VR看装修 房本满五年 随时看房,3,一年前发布,3室2厅,85.07平米,南北,毛坯,中楼层(共9层),塔楼,2003年,3550000.0,41731
东环路电梯南向三房，位置安静，南北对流，框架结构,东环路6号大院 ,环市东,近地铁 VR看装修 房本满五年 随时看房,4,2个月以前发布,3室2厅,97.85平米,南北,简装,中楼层(共9层),塔楼,1998年,5600000.0,57231
西门品大院管理 平层电梯 视野开阔 20方平台,纸行路 ,西门口,近地铁 VR看装修 房本满五年,0,5个月以前发布,2室1厅,70.61平米,北,简装,中楼层(共9层),塔楼,,2250000.0,31866
公园前地铁 人民公园旁边 一梯一户 带大天台四面单边,中山五路 ,公园前,近地铁 VR看装修 房本满五年,11,6个月以前发布,3室1厅,67.32平米,东南西北,简装,高楼层(共6层),板楼,,2350000.0,34908
淘金路 电梯精装好房 一梯两户南北对流采光好　双阳台,淘金路 ,淘金,VR看装修 房本满五年 随时看房,4,一年前发布,2室1厅,65.78平米,南北,精装,中楼层(共9层),1990年,塔楼,3300000.0,50168
农林东路 一手业主 原装电梯 全明四房 安静光线好,农林东路 ,东山口,近地铁 VR房源 房本满五年 随时看房,101,一年前发布,4室2厅,172.45平米,南,简装,低楼层(共10层),,塔楼,8500000.0,49290
永福西约高层视野开阔采光通风好交通便利安全安静,永福路永福西约 ,黄花岗,近地铁 VR看装修 房本满五年,6,一年前发布,2室1厅,45.25平米,西南,简装,高楼层(共9层),1995年,塔楼,1630000.0,36023
火车头大院里 三房带储物间 新加电梯高层 精装修,东园新村 ,东山口,近地铁 VR看装修 房本满五年 随时看房,9,4个月以前发布,3室1厅,88.94平米,南北,精装,高楼层(共7层),,板楼,5200000.0,58467
黄田小区，邻近麓湖，低层两房，安静，房改,黄田小区 ,麓景,近地铁 VR房源 房本满五年 随时看房,16,一年前发布,2室1厅,59.2平米,东西,简装,低楼层(共9层),1988年,塔楼,1700000.0,28717
水荫直街 东南巷 小户型 有电梯,水荫直街 ,水荫,近地铁 VR看装修 房本满五年 随时看房,0,4个月以前发布,2室1厅,55.58平米,南,精装,高楼层(共8层),1992年,塔楼,2280000.0,41022
电梯平层，南向一房，马赛克外墙，小户型上车,德政北路 ,农讲所,近地铁 VR房源 房本满五年 随时看房,0,16,1室0厅,24.31平米,南,精装,高楼层(共9层),,塔楼,738000.0,30358
农讲所社区旺中带静加装电梯大三房 南北向使用率高,中山四路 ,公园前,近地铁 VR看装修 房本满五年 随时看房,3,一年前发布,3室2厅,85.07平米,南北,毛坯,中楼层(共9层),2003年,塔楼,3550000.0,41731
东南北向。光线充足。珠江靓景尽显魅力,海印大厦 ,东湖,近地铁 VR看装修 随时看房,2,2个月以前发布,3室2厅,86.01平米,东南北,精装,低楼层(共29层),2001年,塔楼,4580000.0,53250
水荫直街南向两房 户型方正 实用率高,水荫直街 ,水荫,近地铁 VR看装修 房本满两年 随时看房,0,1个月以前发布,2室1厅,52.17平米,南,简装,中楼层(共8层),1990年,塔楼,1800000.0,34503
东山培正 新河浦路 加装电梯 楼龄新 近东湖公园,新河浦路 ,东山口,近地铁 VR看装修 房本满五年,3,1个月以前发布,2室1厅,73.13平米,东北,简装,中楼层(共9层),,塔楼,4280000.0,58526
水荫路 电梯南向两房 满五 业主有心卖,水荫路 ,水荫,近地铁 VR房源 房本满五年 随时看房,0,1个月以前发布,2室1厅,47.6平米,南,简装,中楼层(共8层),1986年,塔楼,1880000.0,39496
区庄村准电梯有地铁 框架结构方正实用三房,区庄村 ,黄花岗,近地铁 VR看装修 房本满五年 随时看房,3,10个月以前发布,3室2厅,81.22平米,南北,精装,高楼层(共9层),1990年,塔楼,3400000.0,41862
共和铁一地铁口大院管理安静电梯3房 框架,共和路 ,杨箕,近地铁 VR看装修 房本满五年,101,一年前发布,3室1厅,77.5平米,南北,简装,高楼层(共9层),1992年,塔楼,4790000.0,61807
水荫路南向正规两居室近东风公园水荫路电梯,水荫路 ,水荫,近地铁 VR看装修 房本满五年,1,2个月以前发布,2室1厅,63.35平米,南,简装,高楼层(共8层),1989年,塔楼,3000000.0,47356
华侨新村 安静位置  近华侨 不占用,华侨新村 ,淘金,近地铁 VR看装修 房本满五年 随时看房,1,17,1室0厅,25.17平米,西北,简装,低楼层(共7层),2000年,塔楼,980000.0,38936
育才房子，出租方便，业主急卖！,东风东路 ,环市东,近地铁 VR房源 房本满五年,2,2个月以前发布,1室1厅,31.99平米,南,简装,中楼层(共6层),,板楼,1490000.0,46578
大三房，一梯两户，实用率高，采光好,麓苑路 ,淘金,近地铁 VR看装修 房本满五年 随时看房,3,一年前发布,3室2厅,96.57平米,南,精装,中楼层(共6层),,板楼,3400000.0,35208
农讲所上车实用两房精装修 南北对流,德政中路 ,越秀南,VR看装修 房本满五年,2,16,2室1厅,43.5平米,南北,精装,高楼层(共6层),,板楼,1480000.0,34023
铁一 加装电梯小面积南北对流框架结构,共和路 ,杨箕,近地铁 VR看装修 房本满五年,3,1个月以前发布,1室1厅,33.67平米,南北,精装,高楼层(共6层),,塔楼,2280000.0,67717
省级登峰 满五唯一 马赛克外墙 南北对流 近麓湖雕塑,下塘西路 ,麓景,VR看装修 房本满五年,5,1个月以前发布,2室2厅,70.88平米,南,精装,高楼层(共8层),,塔楼,1590000.0,22433
东湖新村，小区管理，通风采光好，有K即看,东湖新村 ,东湖,近地铁 VR看装修 房本满五年 随时看房,0,15,3室2厅,71平米,东西,精装,高楼层(共7层),1986年,塔楼,3060000.0,43099
六号线黄花岗，永福西约，框架结构，正规大三房,永福路永福西约 ,黄花岗,近地铁 VR房源 房本满两年,7,一年前发布,3室1厅,82.3平米,东南,简装,中楼层(共9层),1995年,塔楼,2280000.0,27704
永福路永福西约 1室1厅 东 东南,永福路永福西约 ,黄花岗,近地铁 VR看装修 房本满五年 随时看房,9,一年前发布,1室1厅,44.37平米,东东南,简装,中楼层(共8层),1995年,塔楼,1380000.0,31103
东风东路 2室1厅 东南,东风东路 ,环市东,近地铁 VR房源 房本满五年 随时看房,2,2个月以前发布,2室1厅,53.19平米,东南,其他,高楼层(共8层),1980年,塔楼,2000000.0,37602
东华东 电梯三房 一梯两户 南北对流 装修新净,东华东路 ,东川路,近地铁 VR看装修 房本满五年,1,17,3室1厅,77.8平米,南北,精装,中楼层(共9层),,塔楼,3680000.0,47301
越瑞大厦电梯全明3房带阳台户型方正31000/平,越瑞大厦 ,人民路,VR看装修 房本满五年,1,1个月以前发布,3室1厅,85.63平米,西南,简装,高楼层(共18层),2000年,塔楼,2670000.0,31181
省级 东川小 精装两房，满五唯一 ，产权清晰,东川路 ,东川路,近地铁 VR看装修 房本满五年,7,一年前发布,2室1厅,57.68平米,南,精装,中楼层(共8层),1999年,塔楼,2250000.0,39009
东山口 执信南  南向 大院管理 低层 三房,竹丝岗二马路 ,东风东,VR看装修 房本满五年,1,1个月以前发布,3室1厅,76.88平米,南北,简装,中楼层(共4层),1980年,板楼,2200000.0,28617
省级东风西 户型方正 通风采光好,盘福路 ,盘福,VR看装修 房本满五年,5,3个月以前发布,2室1厅,52.47平米,南,其他,低楼层(共7层),,暂无数据,1900000.0,36212
省级登峰 满五唯一 马赛克外墙 南北对流 近麓湖雕塑,下塘西路 ,麓景,VR看装修 房本满五年,5,1个月以前发布,2室2厅,70.88平米,南,精装,高楼层(共8层),塔楼,,1590000.0,22433
东风东路 2室1厅 东南,东风东路 ,环市东,近地铁 VR房源 房本满五年 随时看房,2,2个月以前发布,2室1厅,53.19平米,东南,其他,高楼层(共8层),塔楼,1980年,2000000.0,37602
六号线黄花岗，永福西约，框架结构，正规大三房,永福路永福西约 ,黄花岗,近地铁 VR房源 房本满两年,7,一年前发布,3室1厅,82.3平米,东南,简装,中楼层(共9层),塔楼,1995年,2280000.0,27704
铁一 加装电梯小面积南北对流框架结构,共和路 ,杨箕,近地铁 VR看装修 房本满五年,3,1个月以前发布,1室1厅,33.67平米,南北,精装,高楼层(共6层),塔楼,,2280000.0,67717
东山培正 新河浦路 加装电梯 楼龄新 近东湖公园,新河浦路 ,东山口,近地铁 VR看装修 房本满五年,3,1个月以前发布,2室1厅,73.13平米,东北,简装,中楼层(共9层),塔楼,,4280000.0,58526
东湖新村，小区管理，通风采光好，有K即看,东湖新村 ,东湖,近地铁 VR看装修 房本满五年 随时看房,0,15,3室2厅,71平米,东西,精装,高楼层(共7层),塔楼,1986年,3060000.0,43099
东南北向。光线充足。珠江靓景尽显魅力,海印大厦 ,东湖,近地铁 VR看装修 随时看房,2,2个月以前发布,3室2厅,86.01平米,东南北,精装,低楼层(共29层),塔楼,2001年,4580000.0,53250
大三房，一梯两户，实用率高，采光好,麓苑路 ,淘金,近地铁 VR看装修 房本满五年 随时看房,3,一年前发布,3室2厅,96.57平米,南,精装,中楼层(共6层),板楼,,3400000.0,35208
永福路永福西约 1室1厅 东 东南,永福路永福西约 ,黄花岗,近地铁 VR看装修 房本满五年 随时看房,9,一年前发布,1室1厅,44.37平米,东东南,简装,中楼层(共8层),塔楼,1995年,1380000.0,31103
共和铁一地铁口大院管理安静电梯3房 框架,共和路 ,杨箕,近地铁 VR看装修 房本满五年,101,一年前发布,3室1厅,77.5平米,南北,简装,高楼层(共9层),塔楼,1992年,4790000.0,61807
区庄村准电梯有地铁 框架结构方正实用三房,区庄村 ,黄花岗,近地铁 VR看装修 房本满五年 随时看房,3,10个月以前发布,3室2厅,81.22平米,南北,精装,高楼层(共9层),塔楼,1990年,3400000.0,41862
华侨新村 安静位置  近华侨 不占用,华侨新村 ,淘金,近地铁 VR看装修 房本满五年 随时看房,1,17,1室0厅,25.17平米,西北,简装,低楼层(共7层),塔楼,2000年,980000.0,38936
培正南向电梯大三房 带主套 通风采光好 户型方正,联发名阁 ,东湖,近地铁 VR看装修 房本满五年 随时看房,5,一年前发布,3室2厅,124.8平米,西南,简装,中楼层(共20层),塔楼,2001年,7900000.0,63302
两房南北对流，公园地铁就在家门口。,恒福路11号大院 ,淘金,近地铁 VR看装修 房本满五年 随时看房,2,一年前发布,2室1厅,64.33平米,南北,简装,中楼层(共5层),塔楼,1985年,1650000.0,25649
加装电梯  高楼层 南北向 大两房 本部,法政路 ,小北,近地铁 VR看装修 房本满五年,4,一年前发布,2室2厅,79.7平米,南北,其他,高楼层(共8层),塔楼,,5200000.0,65245
业主精装自住，环境很好 楼梯5楼，两房烈士陵园地铁站,中山三路 ,东川路,VR房源 房本满五年,3,8个月以前发布,2室1厅,48.11平米,北,精装,中楼层(共9层),塔楼,,1300000.0,27022
精致小三房，不需爬楼二楼单位，满五唯 一,达道路 ,东山口,近地铁 VR看装修 房本满五年,1,7个月以前发布,3室1厅,52.27平米,东东南,其他,低楼层(共6层),板楼,,2980000.0,57012
东风西2房框架，准备加装电梯平层，次顶层光线视野好,盘福路 ,盘福,VR房源 房本满五年 随时看房,0,一年前发布,2室1厅,37.65平米,西北,简装,高楼层(共8层),塔楼,,1450000.0,38513
大院管理 近江边加装电梯四房南北对流,省政协宿舍 ,五羊新城,VR看装修 房本满五年,12,8个月以前发布,4室2厅,129.83平米,南北,精装,中楼层(共8层),塔楼,1989年,7200000.0,55458
意达大厦，电梯，条形砖外墙，楼龄新，有物业有安保,东川路 ,东川路,近地铁 VR房源 房本满五年,5,一年前发布,2室1厅,76.61平米,东南,简装,中楼层(共9层),暂无数据,2000年,2500000.0,32633
富宏花园 3室1厅 东北,富宏花园 ,小北,VR看装修 房本满五年,1,2个月以前发布,3室1厅,117.29平米,东北,简装,中楼层(共22层),塔楼,1997年,6600000.0,56271
马赛克外墙 电梯中层 楼龄新 采光通风 安静舒适,文明路 ,农讲所,近地铁 VR看装修 房本满两年,1,2个月以前发布,2室1厅,55.28平米,南,简装,中楼层(共9层),塔楼,,2380000.0,43054
共和苑小区，南北向框架结构，看房方便，诚意,共和苑 ,杨箕,近地铁 VR看装修 房本满五年 随时看房,1,12,2室1厅,57.86平米,南,简装,中楼层(共7层),塔楼,1992年,2480000.0,42863
东山口 执信南  南向 大院管理 低层 三房,竹丝岗二马路 ,东风东,VR看装修 房本满五年,1,1个月以前发布,3室1厅,76.88平米,南北,简装,中楼层(共4层),板楼,1980年,2200000.0,28617
培正电梯两房 小区管理 户型方正 格局好,海印苑 ,东湖,近地铁 VR看装修 房本满五年,2,20,2室1厅,68.83平米,南,精装,中楼层(共9层),塔楼,1996年,4100000.0,59568
云鹤北街框架结构两房 带平台业主诚心放看房方便,环市东路 ,环市东,VR看装修 房本满两年,0,一年前发布,2室2厅,45.93平米,南,简装,低楼层(共7层),塔楼,1990年,1500000.0,32659
大东门华庭南向电梯房楼龄新配套成熟精装修省实旁,大东门华庭 ,农讲所,近地铁 VR看装修 房本满两年,1,1个月以前发布,3室1厅,61.83平米,南,精装,低楼层(共31层),塔楼,,3200000.0,51755
机务段刚需两房户型方正居住环境舒适,广州机务段 ,三元里,VR看装修 房本满五年,11,一年前发布,2室1厅,48.18平米,东南,简装,中楼层(共7层),暂无数据,,880000.0,18265
公园前商圈，低楼层，小户型两房，交通便利,解放中路 ,公园前,近地铁 VR房源 房本满五年 随时看房,15,3个月以前发布,2室1厅,42.25平米,东,其他,低楼层(共9层),塔楼,,950000.0,22486
电梯三房 采光通风好 楼距宽 舒适宜居 证过五年唯一,水荫直街 ,水荫,VR看装修 随时看房,2,11,3室1厅,87.47平米,西北,简装,高楼层(共9层),塔楼,1990年,4100000.0,46874
平层电梯入户 采光充足， 精装修两房,水荫直街 ,水荫,近地铁 VR看装修 房本满五年,3,4个月以前发布,2室1厅,61.87平米,北,其他,中楼层(共9层),1990年,塔楼,2560000.0,41378
低楼层小面积入户口不二选择9层3楼,大德路 ,解放南,近地铁 VR看装修 房本满五年,2,8个月以前发布,1室1厅,37.27平米,东西,毛坯,低楼层(共9层),,塔楼,730000.0,19587
羊和园 高层两房 户型实用 铁一 近地铁杨箕站,羊和园 ,杨箕,近地铁 VR看装修 房本满五年,11,一年前发布,2室2厅,71.75平米,北,精装,中楼层(共29层),1997年,塔楼,4480000.0,62440
海珠中路  加装电梯  方正三房  有钥匙随时可以看,海珠中路 ,解放南,VR看装修 随时看房,0,16,3室2厅,49.16平米,南北,其他,中楼层(共9层),,塔楼,1680000.0,34175
东山口 近中山医 省医 电梯三房 采光好 东南向,菜园西 ,东川路,VR看装修 房本满五年 随时看房,5,1个月以前发布,3室2厅,74.57平米,东南,简装,高楼层(共7层),,塔楼,3150000.0,42243
五羊模范小区安静  加装有电梯平层入户 近地铁口,五羊小区 ,五羊新城,近地铁 VR看装修 房本满五年,2,一年前发布,2室1厅,58.15平米,北,简装,低楼层(共8层),,塔楼,2880000.0,49528
云鹤南街精装修三房 采光通风安静不吵 全明房过五年,环市东路 ,环市东,VR看装修 房本满五年,12,一年前发布,3室2厅,73.12平米,东南,精装,低楼层(共9层),1996年,塔楼,2960000.0,40482
东风广场三房带主套高楼层视野开阔无遮挡,东风广场 ,东风东,近地铁 VR看装修,1,22,3室1厅,97.23平米,东南,简装,中楼层(共35层),1998年,板塔结合,7580000.0,77960
大院管理 中层实用户型 一手业主 看房方便,东兴南小区 ,五羊新城,近地铁 VR房源 房本满五年 随时看房,0,11,2室2厅,64.7平米,南,简装,低楼层(共9层),,塔楼,2600000.0,40186
水荫直街 住家装修 双阳台实用 户型方正两房,水荫直街 ,水荫,近地铁 VR看装修 房本满两年,1,28,2室1厅,56.11平米,北,精装,低楼层(共9层),1992年,塔楼,2180000.0,38853
近麓湖公园和地铁  楼龄新 户型方正 南向4房 采光好,麓湖轩 ,小北,近地铁 VR看装修 房本满五年 随时看房,8,9个月以前发布,4室2厅,112.39平米,南,简装,中楼层(共30层),,塔楼,6800000.0,60504
此房满五 加装电梯 视野宽阔 配套齐全,五羊小区 ,五羊新城,VR看装修 房本满五年,0,1个月以前发布,2室1厅,50.34平米,南,其他,高楼层(共9层),1986年,塔楼,2380000.0,47279
低总jia南北向两房，安静舒适，看房方便,中山一路 ,东风东,近地铁 VR房源 房本满两年,4,9个月以前发布,2室1厅,64.01平米,南,简装,低楼层(共8层),,塔楼,2660000.0,41557
淘金家园C区南向四房 证过五唯一 方正实用,淘金家园oZ ,淘金,近地铁 VR看装修 房本满五年,0,20,4室1厅,129.14平米,南,精装,中楼层(共30层),2013年,塔楼,10390000.0,80456
珠江新城旁，独立小区，实用两房，南向安静，采光充足,东方花苑 ,杨箕,近地铁 VR房源 随时看房,2,25,2室1厅,78.51平米,南,简装,低楼层(共9层),1999年,塔楼,2800000.0,35665
南北对流 双阳台 靓户型两房，通风采光好 八一,达道路 ,东山口,近地铁 VR房源 房本满两年,11,3个月以前发布,2室1厅,61.56平米,南北,精装,中楼层(共8层),,板楼,2380000.0,38662
省级东川 低层一房 无占用 近地铁,东川路 ,东川路,近地铁 VR看装修 随时看房,1,7个月以前发布,1室1厅,32.29平米,南北,简装,低楼层(共8层),,塔楼,1430000.0,44287
越秀区，全明格局，南北对流户型，框架结构，实用率高,铁路大院 ,三元里,近地铁 VR看装修 房本满五年,1,8个月以前发布,2室1厅,59.39平米,东,精装,中楼层(共8层),,暂无数据,1380000.0,23237
电梯正规一房一厅 步行小北地铁A口200米 楼新可公积金,小北路 ,小北,近地铁 VR看装修 房本满五年 随时看房,3,4个月以前发布,1室1厅,35.84平米,东,精装,高楼层(共8层),,塔楼,1500000.0,41853
麓景东路精装电梯大三房东南向格局好无遮挡,麓景东路 ,麓景,近地铁 VR看装修 房本满五年,2,8个月以前发布,3室2厅,72.35平米,东南,简装,高楼层(共8层),,塔楼,2280000.0,31514
淘金路电梯    实用3房    配套完善,淘金路 ,淘金,VR看装修 房本满五年 随时看房,1,6个月以前发布,3室2厅,99.79平米,东南,简装,低楼层(共9层),1997年,塔楼,5750000.0,57622
竹丝岗二马路 4室1厅 东南,竹丝岗二马路 ,东风东,VR看装修 房本满五年,1,1个月以前发布,4室1厅,131.81平米,东南,简装,中楼层(共6层),1990年,板楼,4800000.0,36417
低层  朝西南向 采光通风好 阳台朝南向,盘福路 ,盘福,VR看装修 房本满五年 随时看房,0,2个月以前发布,1室1厅,45.05平米,南,其他,低楼层(共9层),,塔楼,1700000.0,37736
五羊 幸福小区 南向两房 户型正,幸福小区 ,五羊新城,VR看装修 房本满五年,1,30,2室1厅,73.04平米,南,简装,低楼层(共9层),1992年,塔楼,2900000.0,39705
黄田小区 低层实用两房 南向单位 望花园 双地铁沿线,黄田小区 ,麓景,近地铁 VR房源 房本满五年,1,21,2室1厅,74.59平米,南,简装,低楼层(共9层),1988年,塔楼,2460000.0,32981
建设二马路东八街电梯平层框架结构有钥匙即看,建设二马路 ,建设路,近地铁 VR看装修 房本满五年 随时看房,1,9个月以前发布,1室0厅,20.97平米,南,精装,中楼层(共9层),1990年,塔楼,790000.0,37673
04年地铁口物业 小区管理，安静开阔 精装修实用三房,云鹤园 ,环市东,近地铁 VR看装修 房本满五年 随时看房,3,一年前发布,3室1厅,94.49平米,西南,其他,低楼层(共32层),2004年,塔楼,4980000.0,52704
淘金街小区管理  华侨 准电梯，户型方正,淘金路 ,淘金,VR房源 房本满五年 随时看房,1,一年前发布,2室2厅,72.03平米,东南,简装,高楼层(共9层),1996年,塔楼,2680000.0,37207
西门口地铁站旁 精致装修 视野开阔 有位置加装电梯,海珠北路 ,西门口,近地铁 VR看装修 房本满五年 随时看房,2,4个月以前发布,2室1厅,42.87平米,东西,精装,高楼层(共9层),1988年,塔楼,1500000.0,34990
此房满五唯一 无抵押按揭 产权清晰 出门双地铁,永福路永福西约 ,黄花岗,近地铁 VR看装修 随时看房,1,5个月以前发布,3室1厅,64.63平米,南,简装,低楼层(共7层),,塔楼,1680000.0,25995
农林上路 地铁口  东风东小南向三房 南北对流,农林上路 ,东山口,近地铁 VR看装修 房本满五年,0,2个月以前发布,3室2厅,89.7平米,南,简装,中楼层(共9层),板楼,,6000000.0,66890
珠江新城旁，独立小区，实用两房，南向安静，采光充足,东方花苑 ,杨箕,近地铁 VR房源 随时看房,2,25,2室1厅,78.51平米,南,简装,低楼层(共9层),塔楼,1999年,2800000.0,35665
惠福西路 加装电梯走半层 精装三房厅出阳台,惠福西路 ,西门口,近地铁 VR看装修 房本满五年,2,4个月以前发布,3室1厅,72.98平米,东南,精装,中楼层(共9层),塔楼,1995年,2400000.0,32886
5号线小北站+电梯小区环境好+天然氧吧,金麓山庄 ,麓景,VR看装修 房本满五年 随时看房,7,一年前发布,1室1厅,37.14平米,东,简装,低楼层(共9层),塔楼,2005年,980000.0,26387
嘉诚国际公寓 东向两房 水荫路 shu bao,嘉诚国际公寓 ,水荫,VR看装修 房本满五年,3,3个月以前发布,2室1厅,58.99平米,南,其他,中楼层(共29层),塔楼,2007年,2300000.0,38990
西门口地铁站旁 精致装修 视野开阔 有位置加装电梯,海珠北路 ,西门口,近地铁 VR看装修 房本满五年 随时看房,2,4个月以前发布,2室1厅,42.87平米,东西,精装,高楼层(共9层),塔楼,1988年,1500000.0,34990
大东门华庭南向电梯房楼龄新配套成熟精装修省实旁,大东门华庭 ,农讲所,近地铁 VR看装修 房本满两年,1,1个月以前发布,3室1厅,61.83平米,南,精装,低楼层(共31层),塔楼,,3200000.0,51755
机务段刚需两房户型方正居住环境舒适,广州机务段 ,三元里,VR看装修 房本满五年,11,一年前发布,2室1厅,48.18平米,东南,简装,中楼层(共7层),暂无数据,,880000.0,18265
原装电梯，东南向，户型方正，采光通风好,筑北商住楼 ,东川路,近地铁 VR房源 房本满五年,2,2个月以前发布,2室1厅,75.3平米,东南,简装,中楼层(共23层),塔楼,,3280000.0,43560
三育路小区 准电梯 视野开阔 无遮挡 通风采光好 框架,三育路 ,东山口,VR看装修 房本满五年,0,15,3室2厅,92.95平米,南北,简装,中楼层(共8层),板楼,,3980000.0,42819
大院管理，南北西向单边位3房，产权清晰，使用率高,福今路 ,东山口,VR房源 房本满五年,7,3个月以前发布,3室2厅,86.1平米,南,简装,中楼层(共9层),塔楼,,3950000.0,45877
西门口惠福西3房2厅精装修框架 有天台  满5唯一,惠福西路 ,西门口,近地铁 VR房源 房本满五年 随时看房,4,2个月以前发布,3室1厅,81.09平米,南,精装,高楼层(共5层),板楼,,2590000.0,31940
五羊模范小区安静  加装有电梯平层入户 近地铁口,五羊小区 ,五羊新城,近地铁 VR看装修 房本满五年,2,一年前发布,2室1厅,58.15平米,北,简装,低楼层(共8层),塔楼,,2880000.0,49528
云鹤南街精装修三房 采光通风安静不吵 全明房过五年,环市东路 ,环市东,VR看装修 房本满五年,12,一年前发布,3室2厅,73.12平米,东南,精装,低楼层(共9层),塔楼,1996年,2960000.0,40482
云鹤北街框架结构两房 带平台业主诚心放看房方便,环市东路 ,环市东,VR看装修 房本满两年,0,一年前发布,2室2厅,45.93平米,南,简装,低楼层(共7层),塔楼,1990年,1500000.0,32659
公园前商圈，低楼层，小户型两房，交通便利,解放中路 ,公园前,近地铁 VR房源 房本满五年 随时看房,15,3个月以前发布,2室1厅,42.25平米,东,其他,低楼层(共9层),塔楼,,950000.0,22486
水荫直街 住家装修 双阳台实用 户型方正两房,水荫直街 ,水荫,近地铁 VR看装修 房本满两年,1,28,2室1厅,56.11平米,北,精装,低楼层(共9层),塔楼,1992年,2180000.0,38853
共和苑小区，南北向框架结构，看房方便，诚意,共和苑 ,杨箕,近地铁 VR看装修 房本满五年 随时看房,1,12,2室1厅,57.86平米,南,简装,中楼层(共7层),塔楼,1992年,2480000.0,42863
培正电梯两房 小区管理 户型方正 格局好,海印苑 ,东湖,近地铁 VR看装修 房本满五年,2,20,2室1厅,68.83平米,南,精装,中楼层(共9层),塔楼,1996年,4100000.0,59568
红胜街大院少有房源+格局方正+保养新净+业主诚意卖,越秀北路 ,小北,近地铁 VR房源 房本满五年 随时看房,3,9个月以前发布,3室1厅,46.24平米,南,精装,低楼层(共8层),塔楼,,1880000.0,40658
法院宿舍房改房，三眼井小区里 精装修 紧贴越秀公园,小北路 ,小北,近地铁 VR看装修 房本满五年,2,1个月以前发布,2室1厅,56.65平米,南,简装,中楼层(共6层),暂无数据,,2800000.0,49427
西门口地铁  电梯中层  东西通透户型可三房,海珠北路 ,西门口,近地铁 VR看装修 房本满五年,2,7个月以前发布,2室1厅,94.62平米,东西,精装,中楼层(共8层),塔楼,,2850000.0,30121
东川路原装电梯，有小区管理，采光通风好，近东川小。,东川大厦 ,东川路,近地铁 VR看装修 房本满两年,1,2个月以前发布,2室1厅,48.53平米,北,精装,中楼层(共15层),塔楼,2003年,2680000.0,55224
黄田小区 低层实用两房 南向单位 望花园 双地铁沿线,黄田小区 ,麓景,近地铁 VR房源 房本满五年,1,21,2室1厅,74.59平米,南,简装,低楼层(共9层),塔楼,1988年,2460000.0,32981
大院管理 中层实用户型 一手业主 看房方便,东兴南小区 ,五羊新城,近地铁 VR房源 房本满五年 随时看房,0,11,2室2厅,64.7平米,南,简装,低楼层(共9层),塔楼,,2600000.0,40186
羊和园 高层两房 户型实用 铁一 近地铁杨箕站,羊和园 ,杨箕,近地铁 VR看装修 房本满五年,11,一年前发布,2室2厅,71.75平米,北,精装,中楼层(共29层),塔楼,1997年,4480000.0,62440
满五低总费 东风西范围 南北方向 无遮采光 户型方正,盘福路 ,盘福,近地铁 VR看装修 房本满五年 随时看房,1,5个月以前发布,2室1厅,54.02平米,南北,精装,高楼层(共6层),板楼,1979年,1950000.0,36098
此房满五 加装电梯 视野宽阔 配套齐全,五羊小区 ,五羊新城,VR看装修 房本满五年,0,1个月以前发布,2室1厅,50.34平米,南,其他,高楼层(共9层),塔楼,1986年,2380000.0,47279
平层电梯入户 采光充足， 精装修两房,水荫直街 ,水荫,近地铁 VR看装修 房本满五年,3,4个月以前发布,2室1厅,61.87平米,北,其他,中楼层(共9层),塔楼,1990年,2560000.0,41378
低楼层小面积入户口不二选择9层3楼,大德路 ,解放南,近地铁 VR看装修 房本满五年,2,8个月以前发布,1室1厅,37.27平米,东西,毛坯,低楼层(共9层),塔楼,,730000.0,19587
法院宿舍房改房，三眼井小区里 精装修 紧贴越秀公园,小北路 ,小北,近地铁 VR看装修 房本满五年,2,1个月以前发布,2室1厅,56.65平米,南,简装,中楼层(共6层),暂无数据,,2800000.0,49427
红胜街大院少有房源+格局方正+保养新净+业主诚意卖,越秀北路 ,小北,近地铁 VR房源 房本满五年 随时看房,3,9个月以前发布,3室1厅,46.24平米,南,精装,低楼层(共8层),塔楼,,1880000.0,40658
原小北 楼龄新 电梯 东向采光好 业主诚心 下楼公园,小北大厦 ,小北,近地铁 VR看装修 房本满两年 随时看房,4,1个月以前发布,4室1厅,95.74平米,南,精装,中楼层(共16层),塔楼,,4400000.0,45958
惠福西路 省级旧锨 低楼层 精装两房 拎包入住,惠福西路 ,西门口,VR房源 房本满五年 随时看房,6,4个月以前发布,2室1厅,47.07平米,北,精装,中楼层(共6层),板楼,,1320000.0,28044
原小北  带大平台 南向全明两房,明达大厦 ,小北,近地铁 VR看装修 房本满两年 随时看房,1,2个月以前发布,2室1厅,49.06平米,南,精装,低楼层(共21层),塔楼,1999年,3280000.0,66857
大院管理，南北西向单边位3房，产权清晰，使用率高,福今路 ,东山口,VR房源 房本满五年,7,3个月以前发布,3室2厅,86.1平米,南,简装,中楼层(共9层),塔楼,,3950000.0,45877
东川路原装电梯，有小区管理，采光通风好，近东川小。,东川大厦 ,东川路,近地铁 VR看装修 房本满两年,1,2个月以前发布,2室1厅,48.53平米,北,精装,中楼层(共15层),塔楼,2003年,2680000.0,55224
次新装修，有电梯，东风公园旁，空置，看房方便。,水荫路 ,水荫,近地铁 VR看装修 房本满五年 随时看房,3,1个月以前发布,3室1厅,66.17平米,西北,精装,低楼层(共9层),塔楼,,2980000.0,45036
老报社 大院管理 高层楼房 视野开阔！,老报社大院 ,杨箕,近地铁 VR看装修 房本满五年 随时看房,2,9个月以前发布,2室1厅,55.98平米,南北,简装,高楼层(共8层),板楼,,3640000.0,65024
广信美景大厦 南北向大两房 产权过五年 通风采光好,广信美景大厦 ,五羊新城,近地铁 VR看装修 随时看房,0,1个月以前发布,2室1厅,91.1平米,东南,简装,中楼层(共25层),塔楼,1993年,3780000.0,41493
省级农林下不占用  框架结构 南向两房 近地铁,农林下路 ,东风东,VR看装修 房本满两年 随时看房,25,一年前发布,2室1厅,58.95平米,南,精装,中楼层(共8层),塔楼,,2700000.0,45802
小区管理，户型方正，通风采光交通方便,梅花村 ,东风东,近地铁 VR看装修 房本满五年,3,1个月以前发布,2室1厅,61.57平米,南北,简装,中楼层(共6层),板楼,2000年,3500000.0,56846
梅花村 电梯 框架结构 可公积金 楼龄新,梅花村 ,东风东,近地铁 VR看装修 房本满五年,0,2个月以前发布,3室1厅,66.1平米,南北,精装,中楼层(共8层),塔楼,1990年,4380000.0,66264
广园东路三房 楼层好 采光充足 配套设施齐全 交通便利,广园东路 ,沙河,VR看装修 房本满两年 随时看房,3,2个月以前发布,3室1厅,62.43平米,西南,简装,中楼层(共5层),塔楼,,1295000.0,20744
东山口电梯三房，东南向，铁一，房改，，靓，四通八达,百好居 ,东山口,近地铁 VR房源 房本满五年,2,4个月以前发布,3室1厅,112.99平米,东南,简装,中楼层(共31层),塔楼,2000年,6680000.0,59121
东山培正，此房满五不唯一，房子安静舒适，看房方便,培正一横路 ,东山口,VR房源 房本满五年 随时看房,7,8个月以前发布,2室1厅,37.57平米,东,其他,中楼层(共6层),塔楼,1998年,2600000.0,69205
碧翠园 电梯三房二卫 东南向 单边位 精装修 通风采光,碧翠苑 ,麓景,VR看装修 房本满五年 随时看房,1,4,3室2厅,92.11平米,东南,精装,低楼层(共9层),塔楼,1997年,3100000.0,33656
电梯平层3楼 东向两房 方正实用,大德路 ,解放南,近地铁 VR房源 房本满两年 随时看房,0,10,2室1厅,71.13平米,东北,简装,低楼层(共9层),塔楼,,2200000.0,30930
三育路小区 准电梯 视野开阔 无遮挡 通风采光好 框架,三育路 ,东山口,VR看装修 房本满五年,0,15,3室2厅,92.95平米,南北,简装,中楼层(共8层),板楼,,3980000.0,42819
西门口惠福西3房2厅精装修框架 有天台  满5唯一,惠福西路 ,西门口,近地铁 VR房源 房本满五年 随时看房,4,2个月以前发布,3室1厅,81.09平米,南,精装,高楼层(共5层),板楼,,2590000.0,31940
此房是住宅性质  原装电梯 高层视野开阔 交通便捷,广东国际大厦 ,淘金,近地铁 VR看装修 房本满五年,2,18,3室2厅,158.02平米,东东南南,精装,中楼层(共35层),塔楼,1990年,5500000.0,34806
交通方便，配套成熟，生活便利，大院管理,水荫路 ,水荫,近地铁 VR看装修 房本满五年,3,10个月以前发布,3室1厅,92.76平米,东西,其他,高楼层(共9层),塔楼,1990年,3100000.0,33420
东兴小区 2房1厅 精装向北 低层宁静 通风采光好,东兴小区 ,五羊新城,近地铁 VR看装修,2,3个月以前发布,2室1厅,67.98平米,北,精装,低楼层(共9层),塔楼,1992年,2950000.0,43396
"越秀公园旁 格局靓,房大厅大 楼层好 通风好环境静",环市中路 ,小北,VR看装修 房本满五年,20,一年前发布,2室1厅,58.26平米,东,简装,中楼层(共8层),塔楼,1994年,1650000.0,28322
人民北路 精装低层三房 拧包入住 户型方正,人民北路 ,西华路,VR看装修 房本满两年,0,15,3室1厅,62.01平米,西,精装,低楼层(共8层),塔楼,,1780000.0,28706
观湖雅轩 彩虹桥实用两房 精装修带大阳台,观湖雅轩 ,东风西,近地铁 VR看装修 房本满五年 随时看房,6,2个月以前发布,2室1厅,89.13平米,北,精装,中楼层(共16层),塔楼,1999年,2680000.0,30069
省级东风西 加装电梯 精装三房 东南采光 满五低费用,盘福路 ,盘福,VR房源,0,18,3室1厅,73.35平米,东南,精装,中楼层(共10层),塔楼,,3180000.0,43354
盘福路 框架结构 采光通风好 全明房 装修保养新净,盘福路 ,盘福,VR房源 房本满两年 随时看房,0,1个月以前发布,3室1厅,64.36平米,东西,其他,中楼层(共8层),塔楼,,2200000.0,34183
农讲所精装两房 近地铁 实用40方 光线好,中山四路 ,公园前,近地铁 VR看装修 房本满五年,1,31,2室1厅,36.56平米,南,简装,低楼层(共9层),塔楼,,980000.0,26806
解放中路 公园前 一房一厅 低楼层,解放中路 ,公园前,近地铁 VR房源 房本满五年,2,一年前发布,1室1厅,36平米,东,其他,中楼层(共6层),塔楼,,800000.0,22223
童心路低层单位  有长租客户不愁租  近地铁,童心路 ,麓景,近地铁 VR房源 房本满两年,0,一年前发布,2室1厅,45.99平米,南,其他,低楼层(共9层),塔楼,,1450000.0,31529
东南向 正规 一房一厅 户型方正 实用 安静,福今东 ,东风东,近地铁 VR看装修 房本满五年,0,一年前发布,1室1厅,34.2平米,东南,简装,高楼层(共7层),塔楼,,2800000.0,81872
辉煌大厦 原装电梯楼 精致单间  易入手,辉煌大厦 ,东川路,近地铁 VR看装修 房本满两年,0,一年前发布,1室0厅,23.98平米,南,其他,低楼层(共32层),塔楼,2004年,1100000.0,45872
原装电梯 视野开阔 格局方正 过五不唯一,冠城大厦 ,五羊新城,VR看装修 房本满五年,24,一年前发布,2室1厅,75.63平米,东,其他,高楼层(共28层),塔楼,1997年,3880000.0,51303
农讲所原装电梯两房 厅出阳台 证过五年 地铁便利,俊逸阁 ,公园前,近地铁 VR看装修 房本满五年,2,一年前发布,2室1厅,64.5平米,北,简装,中楼层(共22层),塔楼,2005年,3330000.0,51628
翰林尚品 农林下原装电梯小两房楼龄新,翰林尚品 ,环市东,近地铁 VR看装修 房本满两年,2,9个月以前发布,1室1厅,44.78平米,西南,其他,低楼层(共22层),平房,,3200000.0,71461
交通便利 配套完善 户型方正 小区管理 高层采光通风好,黄田小区 ,麓景,VR看装修 房本满五年,0,8个月以前发布,2室1厅,68.27平米,南,其他,高楼层(共9层),塔楼,1988年,2850000.0,41747
满五唯一，产权清晰，业主诚心放卖,三育路 ,东山口,近地铁 VR房源 房本满五年,0,11个月以前发布,2室1厅,86.41平米,南,其他,中楼层(共8层),塔楼,,5100000.0,59021
低楼层大三房，东南西三面单边，一梯两户，采光通风好,下塘西路 ,麓景,近地铁 VR房源 房本满五年,1,一年前发布,3室2厅,82.57平米,东南西,简装,低楼层(共9层),塔楼,,3000000.0,36333
南北朝向 对流 采光好 交通便利 上学近,环市中路 ,小北,近地铁 VR看装修 房本满五年,0,一年前发布,3室2厅,85.98平米,北东北,其他,低楼层(共9层),塔楼,1994年,5070000.0,58968
越秀公园旁+ 原装电梯 +安静景观好+ 业主诚心放卖,天秀大厦 ,小北,近地铁 VR房源 房本满两年,1,一年前发布,3室1厅,94.86平米,南西,精装,低楼层(共30层),塔楼,1995年,8350000.0,88025
梅东路单间，育才 ，框架结构 小面积，精致装修,梅东路 ,东风东,VR看装修 房本满五年 随时看房,1,一年前发布,1室0厅,27.04平米,东,精装,高楼层(共9层),板楼,,1650000.0,61021
电梯单间 装修好 东南高层采光通风 视野好 看小蛮腰,金悦东山国际公馆 ,黄花岗,近地铁 VR看装修 房本满五年,24,一年前发布,1室0厅,34.33平米,南,精装,高楼层(共31层),塔楼,2010年,2000000.0,58259
大新大厦原装电梯大两房，南向厅出阳台采光好,大新大厦 ,解放南,VR看装修 房本满五年,1,6个月以前发布,2室1厅,101.05平米,南,其他,中楼层(共17层),塔楼,2006年,4400000.0,43543
五羊新城正规一房一厅，厅出阳台,五羊小区 ,五羊新城,近地铁 VR看装修 房本满两年,2,9个月以前发布,1室1厅,40.35平米,南,简装,高楼层(共9层),塔楼,1986年,2000000.0,49567
淘金路 电梯精致2房 华小  精装修 地铁5号线,淘金路 ,淘金,近地铁 VR看装修 房本满两年,0,一年前发布,2室1厅,49.77平米,北,精装,高楼层(共8层),塔楼,1990年,2980000.0,59876
黄田小区 证过五年 低层单位 环境安静 双地铁沿线,黄田小区 ,麓景,VR看装修 房本满五年,0,9个月以前发布,2室1厅,64.77平米,西南,其他,低楼层(共9层),塔楼,1988年,2450000.0,37827
小北原电梯 南北通风好 越秀公园在家楼下 亲近大自然,越秀花苑大厦 ,小北,VR看装修 房本满五年,0,一年前发布,1室1厅,29.22平米,东,精装,中楼层(共20层),塔楼,1997年,2110000.0,72211
户型方正，低楼层，生活配套完善，大院管理,东园路 ,越秀南,近地铁 VR看装修 房本满五年,4,一年前发布,1室0厅,19.48平米,东,其他,低楼层(共9层),塔楼,,840000.0,43122
豪景大厦 高层复式 格局方正实用,广信豪景大厦 ,五羊新城,近地铁 VR房源 房本满五年,2,一年前发布,3室2厅,126.49平米,北,其他,高楼层(共25层),塔楼,1995年,8500000.0,67199
海印花园 封闭式小区 电梯安静四房 三代同堂优选,海印花园 ,东湖,近地铁 VR看装修 房本满五年,2,一年前发布,4室1厅,134.47平米,东北,简装,低楼层(共29层),塔楼,2000年,8700000.0,64699
东湖板块 近地铁 通风采光好 出行方便,粮食局宿舍 ,东湖,VR看装修 房本满五年,3,一年前发布,2室2厅,78.25平米,东北,其他,高楼层(共9层),塔楼,1992年,2970000.0,37956
冠城大厦 2室1厅 西,冠城大厦 ,五羊新城,VR看装修 房本满五年,0,5个月以前发布,2室1厅,86.15平米,西,其他,高楼层(共28层),塔楼,1997年,4300000.0,49913
正在加装电梯中，平层到 东向采光  房改房实用,烟墩路 ,东山口,近地铁 VR看装修 房本满五年,0,一年前发布,2室2厅,64.13平米,东西,其他,中楼层(共7层),塔楼,,6800000.0,106035
原装电梯  双阳台大三房 户型方正实用,东悦居 ,五羊新城,VR房源 房本满五年,0,一年前发布,3室1厅,123.42平米,东北,其他,低楼层(共18层),塔楼,2000年,10880000.0,88155
大德路三室一厅九十平米户型方正,大德路 ,解放南,近地铁 VR看装修 房本满五年,0,一年前发布,3室1厅,90.35平米,东南,精装,高楼层(共9层),塔楼,1990年,3000000.0,33205
旧部前中层全明屋 三房厅出阳台 户型方正光线刺眼,惠福西路 ,西门口,VR房源 房本满五年,48,一年前发布,3室1厅,92.31平米,东南,简装,高楼层(共9层),塔楼,,2650000.0,28708
下塘西路 户型好小两房 中层近麓湖近地铁,下塘西路 ,麓景,近地铁 VR看装修 房本满两年,0,一年前发布,2室1厅,32.12平米,西北,其他,中楼层(共7层),塔楼,1991年,1500000.0,46700
宝山大厦 电梯两房 环境安静 通风采光好,宝山大厦 ,水荫,VR看装修 房本满五年,1,一年前发布,2室1厅,63.63平米,南,简装,中楼层(共18层),塔楼,1997年,3900000.0,61292
地理位置优越写字楼 低总额可注册,保利麓苑 ,淘金,近地铁 房本满五年,0,一年前发布,1室1厅,89.88平米,南,简装,低楼层(共3层),塔楼,,2000000.0,22252
此房装修保养好，楼层适中，即买即入住或收租,竹丝岗大马路 ,东风东,近地铁 VR房源 房本满五年,4,一年前发布,1室1厅,26.66平米,南,精装,中楼层(共7层),塔楼,,1100000.0,41261
加装电梯，南向三房，视野开阔，配套成熟,竹丝岗大马路 ,东风东,VR房源 房本满五年,1,10个月以前发布,3室2厅,96.58平米,东南,其他,中楼层(共9层),塔楼,,4800000.0,49700
精装修四房，业主诚心放卖。看房方便,竹丝岗二马路 ,东风东,VR房源 房本满五年,24,一年前发布,4室1厅,94.46平米,东北,精装,低楼层(共17层),塔楼,1987年,4600000.0,48698
此房满五不唯一，高层视野好，户型方正实用,竹丝岗大马路 ,东风东,近地铁 VR看装修 房本满五年,2,一年前发布,4室1厅,80.08平米,南西北,精装,高楼层(共9层),塔楼,,3150000.0,39336
东山口 实用框架三房，配套齐全 精装修三房 双阳台,竹丝岗大马路 ,东风东,近地铁 VR房源 房本满五年,3,一年前发布,4室2厅,132.48平米,东南北,其他,中楼层(共9层),塔楼,,5300000.0,40007
加装电梯，框架结构，低总jia南向一房,竹丝岗大马路 ,东风东,VR看装修 房本满五年,1,3个月以前发布,1室1厅,50.48平米,南,其他,低楼层(共9层),塔楼,,1860000.0,36847
光线充足中楼层环境安静框架结构精致装修,竹丝岗大马路 ,东风东,近地铁 VR看装修 房本满五年,1,一年前发布,1室1厅,42.18平米,北,简装,中楼层(共9层),塔楼,1990年,1600000.0,37933
采光通风好 低总JIA 框架实用小户型,竹丝岗大马路 ,东风东,近地铁 VR房源 房本满五年,0,6个月以前发布,1室1厅,30.57平米,东南,其他,高楼层(共9层),塔楼,1990年,1650000.0,53975
东山口少有的小面积低楼层适合居住,竹丝岗大马路 ,东风东,近地铁 VR房源 房本满两年,0,11个月以前发布,1室1厅,33.58平米,南,其他,低楼层(共9层),塔楼,,1800000.0,53604
竹丝岗大马路 全明安静 三房三阳台 保养好 拎包入住,竹丝岗大马路 ,东风东,近地铁 VR房源 房本满五年,32,8个月以前发布,3室2厅,99.15平米,南西南,其他,中楼层(共7层),塔楼,,4060000.0,40949
东山口执信南竹丝岗双地铁三房交通生活购物便利,竹丝岗大马路 ,东风东,近地铁 VR房源 房本满五年,1,一年前发布,3室2厅,99.86平米,南,精装,中楼层(共7层),塔楼,,5280000.0,52875
条形砖外墙楼龄新 电梯平层 安静院中院 四房精装铁一,梅花村 ,东风东,近地铁 VR看装修 房本满五年,0,5个月以前发布,4室2厅,92.32平米,南北,其他,高楼层(共8层),塔楼,2000年,7800000.0,84489
东山口地段，采光通风好，配套成熟。,竹丝岗二马路 ,东风东,近地铁 VR看装修 房本满五年,2,一年前发布,1室1厅,28.2平米,东南,其他,低楼层(共5层),板楼,,1360000.0,48227
东风东，南向大阳台，出行便利，双地铁，原装电梯,农林下路 ,东风东,近地铁 VR看装修 房本满五年,1,一年前发布,4室2厅,108.79平米,南北,简装,高楼层(共20层),塔楼,1996年,5380000.0,49454
梅花村 平层电梯 东南向 铁小 4房2厅 实用130方,梅花村 ,东风东,近地铁 VR看装修 房本满五年,10,一年前发布,4室2厅,93.84平米,东南,精装,高楼层(共10层),塔楼,1998年,7000000.0,74596
交通便利 管理优质 环境优雅 带租约 诚意出*,东湖铭泰公馆 ,东湖,近地铁 房本满两年,48,一年前发布,1室1厅,26.1平米,南,精装,中楼层(共16层),塔楼,2008年,730000.0,27970
环市东路 精装四房一厅 南向通风采光好,环市东路 ,环市东,近地铁 VR看装修 房本满五年,0,3个月以前发布,4室2厅,94.94平米,南北,其他,高楼层(共9层),塔楼,,4700000.0,49505
共和南小区 加装电梯 南北向 八一,共和南路 ,杨箕,近地铁 VR看装修 房本满五年,1,8个月以前发布,1室0厅,27.78平米,南,其他,中楼层(共8层),暂无数据,,1000000.0,35998
红火ju经典小户型实用一房一厅低楼层上车盘,东川路 ,东川路,近地铁 VR看装修 房本满两年 随时看房,1,4个月以前发布,1室1厅,28.74平米,北,精装,低楼层(共8层),塔楼,,980000.0,34099
东湖板块电梯单间 北向 总 jia 抵 上车盘,东湖铭泰公馆 ,东湖,近地铁 房本满五年 随时看房,5,11个月以前发布,1室0厅,25.75平米,北,简装,中楼层(共16层),塔楼,,550000.0,21360
育才 福今东大院 精装大三房 安静舒适,福今东 ,东风东,近地铁 VR看装修 房本满两年,2,5个月以前发布,3室2厅,90.49平米,南,精装,中楼层(共7层),塔楼,1985年,4680000.0,51719
大院管理 框架结构 南向视野开阔 准电梯,福今西 ,东风东,近地铁 VR看装修 房本满五年 随时看房,2,5个月以前发布,3室1厅,99.83平米,东南,简装,高楼层(共6层),塔楼,,4800000.0,48082
精装修  南北对流  有加电梯位置,竹丝岗大马路 ,东风东,近地铁 VR房源 房本满两年,1,9个月以前发布,2室1厅,56.8平米,南北,精装,中楼层(共8层),塔楼,,3180000.0,55986
准电梯楼，01年楼龄，西南向，框架两房，居住优选。,竹丝岗大马路 ,东风东,近地铁 VR看装修 房本满五年,0,一年前发布,2室1厅,73.28平米,南,简装,中楼层(共8层),塔楼,,3550000.0,48445
竹丝岗大马路　框架低层　实用3房　位置安静,竹丝岗大马路 ,东风东,近地铁 VR看装修 房本满五年 随时看房,1,5个月以前发布,3室1厅,77.58平米,东西北,其他,低楼层(共9层),塔楼,1990年,3350000.0,43182
此房装修保养好，楼层适中，即买即入住或收租,竹丝岗大马路 ,东风东,近地铁 VR看装修 房本满五年,0,4个月以前发布,2室1厅,54.84平米,南,其他,低楼层(共7层),塔楼,,2500000.0,45588
此房装修保养好，低楼层，即买即入住，通风采光好,竹丝岗大马路 ,东风东,近地铁 VR看装修 房本满五年,0,2个月以前发布,2室1厅,62.05平米,东南,精装,低楼层(共9层),塔楼,,2780000.0,44803
商品满五不唯一 框架两房 全明格局 安静不吵 配套齐全,竹丝岗大马路 ,东风东,近地铁 VR看装修 房本满五年,2,一年前发布,2室2厅,73.28平米,西南,简装,中楼层(共8层),塔楼,,3680000.0,50219
竹丝岗　框架2房　三面单边采光好　安静　近地铁,竹丝岗大马路 ,东风东,近地铁 VR看装修 房本满五年,0,3个月以前发布,2室2厅,62.26平米,南西北,其他,高楼层(共8层),塔楼,1985年,2490000.0,39994
满五年税费少，商品房，户型格局方正，视野无遮挡,竹丝岗大马路 ,东风东,近地铁 VR看装修 房本满五年,9,一年前发布,2室1厅,42.18平米,东,简装,中楼层(共9层),塔楼,1990年,1780000.0,42201
满五唯一，住家精装修，格局方正，居住优选,竹丝岗大马路 ,东风东,近地铁 VR看装修 房本满两年,0,一年前发布,3室1厅,60.33平米,西南,精装,高楼层(共7层),1985年,塔楼,3400000.0,56357
低总JIA框架结构，商品满五不唯一，安静不吵,竹丝岗大马路 ,东风东,近地铁 VR看装修 房本满五年 随时看房,0,一年前发布,2室1厅,37.79平米,东,简装,中楼层(共7层),1985年,塔楼,1800000.0,47632
商品房过五年不唯一 地铁口小面积总金额低 两房一厅,竹丝岗大马路 ,东风东,近地铁 VR看装修 房本满五年,10,一年前发布,2室1厅,49.92平米,西北,简装,高楼层(共9层),1990年,塔楼,1780000.0,35658
东山口，框架，西南向，全明两房，加装电梯正在筹备,竹丝岗大马路 ,东风东,近地铁 VR看装修 房本满两年 随时看房,0,8个月以前发布,2室1厅,62.26平米,东南,简装,高楼层(共8层),1985年,塔楼,2950000.0,47382
加装电梯 精装两房 低税费 地理位置优越,竹丝岗大马路 ,东风东,VR看装修 房本满两年,4,一年前发布,2室1厅,50.48平米,南,精装,低楼层(共9层),,塔楼,2510000.0,49723
靓！东山口低楼层中山医执信南两房商品满五年,竹丝岗大马路 ,东风东,近地铁 VR看装修 房本满五年,0,1个月以前发布,2室0厅,41.01平米,东南,其他,低楼层(共9层),1990年,塔楼,1780000.0,43405
力迅商务大厦复式家具齐全交通便利适合家,力迅商务大厦 ,东风东,近地铁 房本满五年 随时看房,3,一年前发布,1室1厅,25.49平米,东南,精装,低楼层(共7层),,塔楼,800000.0,31385
楼层好  户型方正  近东风东写字楼 位置佳,力迅商务大厦 ,东风东,近地铁 房本满五年 随时看房,3,一年前发布,1室1厅,29.79平米,南,其他,低楼层(共7层),,塔楼,700000.0,23498
东风东754大院高层平层电梯，正规4房，户型方正采光好,东风东路754号之一大院 ,东风东,VR房源 房本满五年,1,一年前发布,4室2厅,124.58平米,南西东,简装,高楼层(共9层),,塔楼,9500000.0,76257
农林    加装 电梯 东南向 视野开阔,农林下路 ,东风东,VR房源 房本满五年,3,一年前发布,1室1厅,33.19平米,东东南南,其他,中楼层(共9层),1988年,板楼,2750000.0,82857
此房商品房 满5唯一 框架结构 近地铁,福今北 ,东风东,近地铁 VR看装修 房本满五年,0,一年前发布,1室1厅,49.34平米,东,简装,低楼层(共4层),,暂无数据,2880000.0,58371
东风东配套，万科金色家园少有南北向4房户型,万科金色家园 ,东风东,VR看装修 房本满五年,6,一年前发布,4室2厅,169.4平米,南,其他,低楼层(共33层),2008年,塔楼,18000000.0,106258
铁一 大院管理 环境好 南北对流 户型方正 安静舒适,梅花村 ,东风东,近地铁 VR看装修 房本满两年,2,9个月以前发布,4室2厅,133.45平米,南北,其他,高楼层(共6层),1990年,板楼,8100000.0,60697
封闭式管理大院  东南北单边 安静 通风采光靓,竹丝岗二马路39号大院 ,东风东,近地铁 VR房源 房本满五年,7,8个月以前发布,4室1厅,111.82平米,东南北,精装,中楼层(共9层),1990年,塔楼,5500000.0,49187
此房原装电梯，高楼层，采光通风好,农林下路 ,东风东,近地铁 VR房源 房本满五年,1,一年前发布,1室0厅,20.15平米,东南,其他,高楼层(共20层),1991年,塔楼,2080000.0,103226
此房过五年无重税  商品房   户型方正， 通风采光好,农林下路 ,东风东,VR看装修 房本满五年,3,一年前发布,1室1厅,47.45平米,南北,简装,低楼层(共6层),1988年,板楼,2600000.0,54795
福今东小区 安静不吵 即买即住！,福今东 ,东风东,近地铁 VR看装修 房本满五年 随时看房,104,10个月以前发布,1室1厅,33.09平米,南,精装,中楼层(共7层),,塔楼,1650000.0,49865
此房是步梯2楼，小面积育才，环境安静，过五唯一少税,福今北 ,东风东,VR看装修 房本满五年,4,一年前发布,1室1厅,36.31平米,南,其他,低楼层(共8层),1988年,暂无数据,1820000.0,50124
东风东 大院环境 平层电梯 户型方正 单边 望东山宾馆,东风东路754号之一大院 ,东风东,VR看装修 房本满五年 随时看房,0,7个月以前发布,4室2厅,124.58平米,东南,精装,中楼层(共9层),,塔楼,8500000.0,68230
铁一 小区管理 南北对流 交通便利,梅花村 ,东风东,近地铁 VR看装修 房本满五年,4,一年前发布,4室1厅,115.11平米,南,其他,高楼层(共9层),1990年,板楼,7500000.0,65156
高品质小区 中高层南向看广州塔 视野开阔 东南北采光,万科金色家园 ,东风东,VR看装修 房本满五年,2,7个月以前发布,4室2厅,168.57平米,南北,精装,中楼层(共33层),2008年,塔楼,19100000.0,113307
福今北大院  正规一房一厅  采光充足  户型方正,福今北 ,东风东,VR看装修 随时看房,0,3个月以前发布,1室1厅,34.05平米,北,简装,中楼层(共8层),,暂无数据,1750000.0,51396
此房为房改房，原装电梯楼框架结构，省级东风东带精装,农林下路 ,东风东,近地铁 VR看装修 房本满五年 随时看房,0,1个月以前发布,4室2厅,132.37平米,东南西北,其他,中楼层(共20层),1990年,塔楼,9800000.0,74035
省委大院  电梯四房  南北向 厅出阳台,梅花村 ,东风东,近地铁 VR房源,5,5个月以前发布,4室1厅,115.3平米,东南,精装,高楼层(共7层),1990年,塔楼,7500000.0,65048
房改四房  南北东三面单边 东山口花园小区 安静 铁一,小东园 ,东山口,近地铁 VR看装修 随时看房,0,12,4室2厅,100.8平米,南北东,毛坯,低楼层(共7层),1987年,塔楼,5900000.0,58532
华侨新村 安静位置  近华侨 不占用,华侨新村 ,淘金,近地铁 VR看装修 房本满五年 随时看房,1,17,1室0厅,25.17平米,西北,简装,低楼层(共7层),2000年,塔楼,980000.0,38936
中楼层小户型 采光通风好 有钥匙 随时方便看,大德路 ,解放南,近地铁 VR看装修 房本满五年,18,一年前发布,1室1厅,28.28平米,东,简装,中楼层(共9层),1993年,塔楼,620000.0,21924
北京路商圈，框架结构，石米楼龄比较新,起义路 ,解放南,近地铁 VR房源 房本满五年,0,一年前发布,1室1厅,25.71平米,南北,其他,低楼层(共9层),,塔楼,980000.0,38118
电梯四房 带私家天台花园 精致装修  南北对流,菜园东 ,东川路,VR看装修 房本满五年 随时看房,31,一年前发布,4室2厅,105.08平米,南北,精装,高楼层(共9层),,塔楼,4400000.0,41873
东华东路 一房 格局方正 采光通风好 近地铁,东华东路 ,东川路,VR看装修 房本满两年,0,一年前发布,1室1厅,26.75平米,南,其他,低楼层(共9层),1995年,塔楼,2200000.0,82243
农林下 高教厅 电梯三房 看房方便,农林下路 ,东风东,近地铁 VR看装修 房本满五年,2,一年前发布,3室1厅,104.2平米,东,其他,低楼层(共31层),塔楼,,7400000.0,71018
金色家园 中高层精致2房 南北对流,万科金色家园 ,东风东,VR看装修 房本满五年,35,一年前发布,2室1厅,91.63平米,南北,精装,中楼层(共33层),塔楼,2008年,10500000.0,114592
农讲所 社区环境较好 交通方便 采光充足,文德路 ,北京路,近地铁 VR看装修 房本满五年,2,一年前发布,1室0厅,25.79平米,南,其他,高楼层(共9层),板楼,,1000000.0,38775
加装电梯平层，南北对流，大院管理，独用天台,竹丝岗二马路39号大院 ,东风东,近地铁 VR看装修 房本满五年,11,一年前发布,3室2厅,95.93平米,南北,其他,高楼层(共9层),塔楼,,7000000.0,72970
中山二路 实用大四房 加装电梯平层 南北对流,中山二路 ,东川路,近地铁 VR看装修 房本满五年,2,一年前发布,4室2厅,108.01平米,南北,简装,中楼层(共8层),塔楼,,5250000.0,48607
公元前健身楼层简装大房采光好交通便利,解放中路 ,公园前,近地铁 VR看装修 房本满五年 随时看房,2,8个月以前发布,1室1厅,26.67平米,东,简装,高楼层(共9层),塔楼,,780000.0,29247
东川路 加装电梯 大户型三房 省级东川 烈士陵园地铁口,东川路 ,东川路,近地铁 VR房源 房本满五年,0,一年前发布,4室2厅,109.21平米,西南,精装,中楼层(共9层),塔楼,1990年,6800000.0,62266
农林小，通风采光好，格局方正，配套方便,环市东路 ,环市东,近地铁 VR看装修 房本满两年 随时看房,0,一年前发布,1室1厅,26.32平米,南西北北,其他,高楼层(共9层),塔楼,,1790000.0,68010
省级署前，小面积，交通便利，生活方便，近公园,龟岗大马路 ,东山口,近地铁 VR看装修 房本满五年,8,一年前发布,1室1厅,27平米,东,简装,中楼层(共6层),塔楼,1981年,1290000.0,47778
大德路、濠畔街中层、户型方正实用 配套完善 生活便利,大德路 ,解放南,近地铁 VR看装修 房本满五年,2,一年前发布,1室1厅,28.79平米,东南,简装,中楼层(共9层),塔楼,1993年,980000.0,34040
北京路商圈 小面积 上车盘 生活配套成熟,万福路 ,越秀南,VR看装修 房本满五年,0,9个月以前发布,1室0厅,26.76平米,东南,精装,中楼层(共9层),塔楼,,760000.0,28401
沿江高层电梯房视野辽阔，风景优美，,天字广场 ,海珠广场,近地铁 VR看装修 房本满五年,31,一年前发布,4室2厅,109.15平米,东北东北,精装,高楼层(共29层),塔楼,,5000000.0,45809
南向大三房，20多方大平台，业主出国急卖,农林下路 ,东风东,近地铁 VR看装修 房本满两年,1,一年前发布,3室2厅,97.62平米,东南,简装,中楼层(共4层),板楼,1987年,6500000.0,66585
北京路商圈，进公园前地铁站，西南两面单边采光好,惠福东路 ,北京路,近地铁 VR房源 房本满五年,0,6个月以前发布,1室1厅,25.88平米,南西,其他,中楼层(共6层),板楼,,850000.0,32844
越秀 东山口 培正 3房 南北对流,培正路 ,东山口,近地铁 VR看装修 房本满五年,0,一年前发布,4室2厅,104平米,南,精装,高楼层(共6层),暂无数据,,10380000.0,99808
"红砖外墙厅出阳台,四房两卫格局实用",龟岗大马路 ,东山口,近地铁 VR看装修 房本满五年 随时看房,1,1个月以前发布,4室2厅,97.57平米,南北,其他,低楼层(共3层),板楼,,6500000.0,66619
农林华府小户型 没有占用 有阳台 业主诚心卖,农林华府 ,环市东,VR看装修 房本满两年 随时看房,2,6个月以前发布,1室0厅,26.6平米,东北,其他,中楼层(共7层),塔楼,2013年,2280000.0,85715
东华东培正小户型 实用一房 可自住可出租,东华东路 ,东川路,近地铁 VR看装修 房本满五年,0,8个月以前发布,1室1厅,29.28平米,南,简装,高楼层(共6层),塔楼,,1830000.0,62500
封闭式小区管理，近地铁，东风东，带车位,万科金色家园 ,东风东,VR看装修 房本满五年,2,4个月以前发布,2室2厅,91.88平米,东南,精装,中楼层(共33层),塔楼,2008年,9180000.0,99913
此房满两年，精装修，楼龄新，管理好，通风采光好,农林华府 ,环市东,VR看装修 房本满五年,2,一年前发布,1室0厅,27.86平米,南,精装,中楼层(共7层),塔楼,2013年,2800000.0,100503
小户型   南向 看房方便提前约,东华市场东华东路 ,东川路,近地铁 VR看装修 房本满五年,34,一年前发布,1室0厅,25.4平米,南,简装,高楼层(共6层),塔楼,1995年,1650000.0,64961
先烈中路，1号大院，加装电梯，安静，采光通风好,先烈中路 ,黄花岗,近地铁 VR房源 房本满五年 随时看房,3,5个月以前发布,1室1厅,25.58平米,南,简装,低楼层(共9层),板楼,,800000.0,31275
随时可看 电梯在公示阶段 有小阁楼 地铁近 大院管理,环市东路 ,环市东,近地铁 VR看装修 房本满两年,0,4个月以前发布,1室0厅,28.35平米,南,其他,高楼层(共9层),塔楼,,1600000.0,56438
梅花村 电梯  安静南北向  3房1厅 通风采光好,梅花村 ,东风东,近地铁 VR看装修 房本满五年,19,一年前发布,3室1厅,93.24平米,南北,简装,中楼层(共8层),塔楼,1990年,6880000.0,73789
88 地段好 团一大地铁 天台花园 麻雀虽小 五脏俱全,珠光路 ,越秀南,近地铁 VR看装修 房本满五年,0,一年前发布,1室1厅,25.38平米,东南,简装,高楼层(共9层),塔楼,,860000.0,33885
北京路商圈    框架结构 上车盘,教育路(越秀) ,北京路,近地铁 VR房源 房本满五年 随时看房,0,5个月以前发布,1室0厅,28.94平米,北西北,简装,低楼层(共8层),板楼,1993年,980000.0,33864
文明路中层上车靓房 随时方便看房,文明路 ,农讲所,近地铁 VR看装修 房本满五年 随时看房,1,1个月以前发布,1室1厅,29.61平米,南,其他,高楼层(共6层),板楼,,900000.0,30396
气象局大院 电梯平层 单边位 可停车 有平台,气象局大院 ,东风东,近地铁 VR房源 房本满五年 随时看房,5,9个月以前发布,3室2厅,95.95平米,西南北,简装,低楼层(共10层),板楼,,5600000.0,58364
原装电梯4房 南北格局 安静不吵,锦桦大厦锦桦荟 ,东川路,近地铁 VR看装修 房本满五年,5,一年前发布,4室2厅,105.82平米,东南,精装,低楼层(共31层),塔楼,2001年,6500000.0,61426
珠光雅居经典小户型 首付低 上车盘,珠光雅居 ,越秀南,近地铁 VR看装修 房本满五年,5,一年前发布,1室1厅,28.12平米,南,简装,中楼层(共11层),塔楼,,900000.0,32006
业主急卖 地理位置好  旺中带静 户型方正,东华东路 ,东川路,近地铁 VR看装修 房本满五年 随时看房,1,1个月以前发布,1室1厅,29.04平米,南,简装,高楼层(共9层),1990年,塔楼,1050000.0,36158
楼层好 配套设施齐全 交通方便,长堤大马路 ,人民路,近地铁 VR看装修 房本满五年,5,一年前发布,1室0厅,29.24平米,东,简装,低楼层(共9层),,塔楼,750000.0,25650
小面积上车盘，好放租。位置好近社区医院,新河浦路 ,东山口,近地铁 VR看装修 房本满五年,0,5个月以前发布,1室0厅,27.94平米,西,其他,中楼层(共9层),1995年,板楼,2380000.0,85183
惠福西路 低层一房 精致装修 保养新净,惠福西路 ,西门口,近地铁 VR看装修 房本满五年,5,一年前发布,1室1厅,26.91平米,南西,其他,低楼层(共9层),,塔楼,880000.0,32702
原装电梯4房 南北格局 安静不吵,锦桦大厦锦桦荟 ,东川路,近地铁 VR看装修 房本满五年,5,一年前发布,4室2厅,105.82平米,东南,精装,低楼层(共31层),2001年,塔楼,6500000.0,61426
气象局大院 电梯平层 单边位 可停车 有平台,气象局大院 ,东风东,近地铁 VR房源 房本满五年 随时看房,5,9个月以前发布,3室2厅,95.95平米,西南北,简装,低楼层(共10层),,板楼,5600000.0,58364
文明路中层上车靓房 随时方便看房,文明路 ,农讲所,近地铁 VR看装修 房本满五年 随时看房,1,1个月以前发布,1室1厅,29.61平米,南,其他,高楼层(共6层),,板楼,900000.0,30396
珠光雅居经典小户型 首付低 上车盘,珠光雅居 ,越秀南,近地铁 VR看装修 房本满五年,5,一年前发布,1室1厅,28.12平米,南,简装,中楼层(共11层),,塔楼,900000.0,32006
东山口三地铁交汇处，健身楼层总架100完出头即可拥有,执信南路 ,东山口,近地铁 VR看装修 房本满五年,6,一年前发布,1室1厅,25.84平米,东南,其他,高楼层(共8层),1990年,塔楼,1050000.0,40635
东川路低层小面积，光线好，户型实用，低总jia,东川路 ,东川路,近地铁 VR看装修 房本满两年,0,一年前发布,1室1厅,28.5平米,东南,其他,中楼层(共8层),,塔楼,1198000.0,42036
该物业南北向，户型好厅出阳台南向安静,气象局大院 ,东风东,VR看装修 房本满五年,3,7个月以前发布,3室2厅,92.36平米,南,其他,低楼层(共9层),,板楼,5980000.0,64747
龟岗社区 小洋房2楼 4.4米层 框架结构 南向,龟岗三马路 ,东山口,近地铁 VR看装修 房本满两年,1,3个月以前发布,4室1厅,90.33平米,南,精装,中楼层(共4层),,板楼,6300000.0,69745
[店长好房]东风东大两房诚意卖jia钱可谈快咨询看房,东风东路754号大院 ,东风东,近地铁 VR看装修 房本满两年 随时看房,2,6个月以前发布,2室2厅,93.43平米,南北,简装,低楼层(共12层),1988年,塔楼,5500000.0,58868
实用一房一厅，保养新净，拎包入住,光塔路 ,西门口,近地铁 VR看装修 房本满两年,0,一年前发布,1室1厅,29.99平米,东南,其他,中楼层(共7层),,塔楼,950000.0,31678
海珠中路 中层电梯一房 户型实用 交通出行方便,海珠中路 ,解放南,近地铁 VR房源 房本满五年 随时看房,0,20,1室0厅,25.74平米,东,简装,中楼层(共8层),,塔楼,920000.0,35743
执信南小区，框架四房，过五年，业主诚意,执信南路 ,东山口,近地铁 VR看装修 房本满五年,2,3个月以前发布,4室2厅,105平米,东南,其他,中楼层(共9层),,塔楼,4500000.0,42858
市委党校大院南北对流四房楼层环境好,市委党校大院 ,黄花岗,近地铁 VR房源,2,一年前发布,4室1厅,101.15平米,南北,简装,低楼层(共7层),,塔楼,4790000.0,47356
东南向，近东湖公园，实用四房，环境优美。,东湖北大院 ,东湖,近地铁 VR房源 房本满五年 随时看房,4,11个月以前发布,4室1厅,100.14平米,南,简装,中楼层(共8层),,板楼,8600000.0,85880
低层一房一厅 三面单边 通风光线好 双地铁,中山四路 ,公园前,近地铁 VR房源 房本满两年,1,7个月以前发布,1室1厅,29.68平米,南北,精装,中楼层(共4层),,塔楼,890000.0,29987
金色家园大两房户型方正采光好通风,万科金色家园 ,东风东,VR看装修 房本满五年 随时看房,1,7个月以前发布,2室1厅,93.73平米,南北,其他,高楼层(共33层),2008年,塔楼,9800000.0,104556
东华东路 加装电梯平层 正规四房双阳台 南北对流,东华东路 ,东川路,VR看装修 房本满五年,3,一年前发布,4室2厅,107.16平米,南北,简装,高楼层(共9层),1990年,塔楼,5600000.0,52259
东风小  加装电梯三房   两年前装修 零甲醛,农林下路 ,东风东,VR看装修 房本满五年 随时看房,5,一年前发布,3室1厅,90.67平米,南北,精装,中楼层(共10层),1988年,塔楼,5300000.0,58454
纸行路 实用一房一厅  交通方便适合老人家,纸行路 ,西门口,近地铁 VR看装修 房本满五年,4,一年前发布,1室0厅,25.09平米,南,其他,低楼层(共9层),,塔楼,660000.0,26306
此房满五年，免重税，户型方正，安静不吵，随时约看,八旗二马路 ,越秀南,近地铁 VR看装修 房本满五年,0,4个月以前发布,1室0厅,26.98平米,西,简装,低楼层(共9层),,塔楼,830000.0,30764
安静小区，环境好，电梯南向三房带大平台，交通便捷,竹丝村 ,东风东,VR看装修 房本满五年,2,一年前发布,3室1厅,90.54平米,南北,简装,低楼层(共6层),1993年,塔楼,6980000.0,77093
农林下路 2室2厅 东南,农林下路 ,东风东,近地铁 VR房源,0,19,2室2厅,109.59平米,东南,其他,高楼层(共20层),1990年,塔楼,8060000.0,73547
东湖北大院   电梯四房带主套  南北对流  通风采光好,东湖北大院 ,东湖,近地铁 VR看装修 房本满五年,10,一年前发布,4室2厅,97.42平米,南北,精装,低楼层(共6层),,板楼,9600000.0,98543
寺贝通津小区，署前路，细面积，看房方便,达道路 ,东山口,近地铁 VR房源 房本满五年,1,11个月以前发布,1室1厅,28.27平米,南北,其他,低楼层(共8层),1990年,塔楼,1200000.0,42448
华侨新村安静不吵 一梯两户 南北对流 四房,华侨新村 ,淘金,近地铁 VR看装修 房本满五年,6,9个月以前发布,4室2厅,105.28平米,东南,其他,低楼层(共8层),1995年,塔楼,4990000.0,47398
北京路商圈   大院管理 框架  可公积金贷款,惠福东路 ,北京路,VR房源 房本满两年,1,8个月以前发布,1室1厅,28.52平米,北西北,其他,高楼层(共7层),,塔楼,850000.0,29804
"楼层低，小面积,户型方正，配套完善",东华东路 ,东川路,近地铁 VR看装修 房本满五年,0,一年前发布,1室1厅,29.28平米,东,简装,高楼层(共6层),塔楼,,1600000.0,54645
81号大院    实用三房    有近100方地种花种菜,先烈中路81号大院 ,黄花岗,近地铁 VR房源 房本满五年 随时看房,15,一年前发布,4室1厅,102平米,东南,精装,低楼层(共6层),塔楼,2000年,4980000.0,48824
培正，环境旺中带静，交通便利，近东湖公园,东华东路 ,东川路,近地铁 VR看装修 房本满五年,0,8个月以前发布,1室0厅,26.58平米,东南,其他,高楼层(共9层),塔楼,,1750000.0,65839
梅花村 红色瓷砖外墙 楼龄较新 一楼架空实际电梯二楼,梅花村 ,东风东,近地铁 VR房源 房本满五年,5,一年前发布,3室2厅,95.85平米,东南北,其他,低楼层(共9层),塔楼,1990年,6230000.0,64998
东山口 越秀 培正 东华东路 满五  框架,东华东路 ,东川路,VR看装修 房本满五年 随时看房,0,6个月以前发布,1室0厅,25.4平米,西,精装,高楼层(共8层),塔楼,,1450000.0,57087
朝阳社区 有加装电梯位 满五 高层通风采光好,文德路 ,北京路,近地铁 VR房源 房本满五年,1,8个月以前发布,1室1厅,25.63平米,东南,其他,高楼层(共9层),板楼,,990000.0,38627
原装电梯高层  楼龄新  铁一  有车位 三房实用率高,梅花村 ,东风东,近地铁 VR看装修 房本满五年,1,1个月以前发布,3室2厅,99.99平米,西北,精装,高楼层(共11层),塔楼,1998年,6300000.0,63007
3号大院 框架结构 南北对流 双阳台 视野采光好 铁一,福今路3号大院 ,东山口,近地铁 VR房源,0,1个月以前发布,4室1厅,108.4平米,南,精装,高楼层(共9层),塔楼,1990年,5200000.0,47971
东山口房源，南北向，环境优美，居住生活便利。,龟岗大马路 ,东山口,近地铁 VR看装修,1,2个月以前发布,1室0厅,27.9平米,北,简装,低楼层(共6层),塔楼,1981年,1150000.0,41219
东湖北大院  安静低层大三房  西南北单边  环境佳,东湖北大院 ,东湖,近地铁 VR看装修 房本满五年,0,7个月以前发布,4室2厅,104.38平米,东南,简装,低楼层(共6层),板楼,,9500000.0,91014
刚需 总JIA低 实用率高  立即上车,大德路 ,解放南,近地铁 VR房源 房本满五年 随时看房,1,9个月以前发布,1室1厅,28.93平米,南,其他,中楼层(共6层),板楼,2000年,960000.0,33184
梅花村小区 省委房改 铁 ― 加装电梯三房 厅出阳台,梅花村 ,东风东,近地铁 VR看装修 房本满五年 随时看房,0,20,3室2厅,103.67平米,东西,其他,中楼层(共8层),塔楼,2000年,6550000.0,63182
满五非唯一 原装电梯 方正精装三房 采光充足 视野好,竹丝村 ,东风东,近地铁 VR房源 房本满五年,4,一年前发布,3室2厅,104.62平米,南,其他,高楼层(共16层),塔楼,1993年,6160000.0,58880
满五不唯一 框架 红火炬不占用 配套齐全 交通方便,东华西路 ,东川路,近地铁 VR看装修 房本满五年 随时看房,10,一年前发布,1室1厅,29.13平米,西,简装,中楼层(共9层),塔楼,,790000.0,27120
竹丝岗  框架 中低层  南北向 安静 近地铁,竹丝岗二马路 ,东风东,近地铁 VR看装修 房本满五年 随时看房,1,24,3室2厅,92.95平米,南北,精装,低楼层(共9层),板楼,1995年,3280000.0,35288
中山三路 满五年物业 采光充足,中山三路 ,东川路,近地铁 VR房源 房本满五年 随时看房,0,12,1室1厅,26.17平米,东南,其他,高楼层(共9层),塔楼,,620000.0,23692
窗下北京路 户型方正 总房款低 4楼不高 有K看房,北京路 ,北京路,VR看装修 房本满五年,12,一年前发布,1室0厅,25.69平米,东,简装,中楼层(共6层),塔楼,,700000.0,27248
此房满五唯一 格局好 楼层好 视野开阔 采光好,中山三路 ,东川路,近地铁 VR看装修 房本满五年,33,一年前发布,1室1厅,29.11平米,西北,简装,高楼层(共9层),塔楼,,830000.0,28513
省医旁，东川路，双地铁，4房，格局好，采光好,东川路 ,东川路,近地铁 VR看装修 房本满五年 随时看房,6,一年前发布,4室2厅,90.28平米,南,简装,高楼层(共9层),塔楼,1998年,3300000.0,36553
广发花园原装电梯住宅 南向舒适,广发花园 ,东风东,近地铁 VR看装修 房本满五年,2,一年前发布,3室2厅,90.15平米,南,其他,25层,塔楼,1995年,4720000.0,52358
东山口 上车盘 署前 低楼层 满五 近地铁 看房方便,庙前直街 ,东山口,近地铁 VR看装修 房本满五年,3,一年前发布,1室0厅,25.21平米,南北,简装,低楼层(共5层),塔楼,1990年,1180000.0,46807
丨日部前 一德路地铁站 低层一房一厅,一德路 ,解放南,近地铁 VR看装修 房本满五年 随时看房,0,11,1室1厅,25.92平米,东西,其他,4层,塔楼,,650000.0,25078
环市东路 东南向原装电梯 三房 动物园地铁口旁,环市东路 ,环市东,近地铁 VR看装修 房本满五年,3,一年前发布,4室1厅,105.06平米,东南,简装,中楼层(共16层),板楼,,5000000.0,47592
原装电梯楼 看小区景观 三居室 满5年 环境安静 带平台,气象局大院 ,东风东,VR房源 房本满五年,16,一年前发布,3室1厅,99.09平米,北,简装,低楼层(共25层),塔楼,,8000000.0,80735
"东源东街，准电梯，采光充足，配套完善,",东华东路 ,东川路,VR房源 房本满五年,0,一年前发布,1室1厅,29.61平米,北,其他,高楼层(共9层),塔楼,1990年,1300000.0,43905
干休所军区大院管理，电梯3房，南北向，安静不吵.,竹丝岗二马路39号大院 ,东风东,近地铁 VR看装修 房本满五年,0,一年前发布,3室1厅,92.91平米,南北,简装,中楼层(共9层),塔楼,,5800000.0,62427
万科金色家园 08年楼龄花园小区管理 户型方正采光好,万科金色家园 ,东风东,VR看装修 房本满五年,0,一年前发布,2室2厅,91.89平米,南北,精装,低楼层(共33层),塔楼,2008年,10400000.0,113179
格局方正 交通便利 配套成熟  看房方便  原装电梯,共和西苑 ,杨箕,近地铁 VR看装修 房本满五年,5,一年前发布,4室2厅,95.24平米,南北,其他,低楼层(共31层),塔楼,,5990000.0,62894
低楼层单边采光好 北京路商圈 地铁交通便利 满五,惠福东路 ,北京路,近地铁 VR看装修 房本满五年 随时看房,4,一年前发布,1室1厅,25.88平米,南西南,简装,中楼层(共6层),板楼,,748000.0,28903
老人宜居，低层框架可公积金，管道煤气,海珠南路 ,解放南,近地铁 VR看装修 房本满五年,2,一年前发布,1室0厅,27.32平米,南,简装,低楼层(共1层),暂无数据,1995年,730000.0,26721
大德路 步梯中层 实用一房一厅,大德路 ,解放南,近地铁 VR看装修 房本满五年,1,7个月以前发布,1室1厅,28.23平米,东,精装,中楼层(共8层),塔楼,,818000.0,28977
靓仔好房！楼龄欣 东南向 装修好 大入户 望花园带主套,梅花村 ,东风东,近地铁 VR看装修 房本满两年,1,1个月以前发布,3室2厅,108.75平米,东南,其他,低楼层(共8层),塔楼,2000年,8800000.0,80920
环市东路 东南向原装电梯 三房 动物园地铁口旁,环市东路 ,环市东,近地铁 VR看装修 房本满五年,3,一年前发布,4室1厅,105.06平米,东南,简装,中楼层(共16层),板楼,,5000000.0,47592
旧部qian+原装电梯+精装修拎包入住+唯一免重税,海鹰大厦 ,解放南,VR看装修 房本满五年,3,一年前发布,1室1厅,26.84平米,西,精装,高楼层(共12层),塔楼,1985年,860000.0,32042
大德路中层南向一房一厅证满5年满族,大德路 ,解放南,近地铁 VR看装修 房本满五年,0,31,1室1厅,27.1平米,南,其他,中楼层(共8层),板楼,,650000.0,23986
万科金色家园 08年楼龄花园小区管理 户型方正采光好,万科金色家园 ,东风东,VR看装修 房本满五年,0,一年前发布,2室2厅,91.89平米,南北,精装,低楼层(共33层),塔楼,2008年,10400000.0,113179
农小，马赛克外墙楼龄新，双地铁80米，出行方便,农林下路 ,东风东,VR看装修 房本满五年 随时看房,0,一年前发布,3室2厅,98.54平米,东南,简装,低楼层(共9层),板楼,1988年,5500000.0,55815
温馨小房，近地铁，友谊商店旁。,淘金坑 ,淘金,近地铁 VR看装修 房本满五年,3,一年前发布,1室0厅,25.59平米,南,其他,中楼层(共7层),塔楼,1998年,940000.0,36734
"东源东街，准电梯，采光充足，配套完善,",东华东路 ,东川路,VR房源 房本满五年,0,一年前发布,1室1厅,29.61平米,北,其他,高楼层(共9层),塔楼,1990年,1300000.0,43905
寺贝楼 1室1厅 南,寺贝楼 ,东山口,近地铁 VR看装修 房本满五年,1,4个月以前发布,1室1厅,28.1平米,南,简装,低楼层(共9层),塔楼,,1950000.0,69396
东湖板块正规一室一厅， 证满两年，随时可看,大沙头路 ,东湖,近地铁 VR房源 房本满两年,1,5个月以前发布,1室1厅,27.02平米,北,简装,高楼层(共9层),塔楼,2001年,750000.0,27758
中层一房一厅，框架结构，八一不占用，独产小院管理,共和南路 ,杨箕,近地铁 VR看装修 房本满五年 随时看房,1,1个月以前发布,1室1厅,22.34平米,南,简装,中楼层(共8层),塔楼,1985年,860000.0,38496
白云大厦小面积电梯房  带精装,白云大厦 ,东川路,近地铁 房本满五年,4,一年前发布,1室0厅,18.72平米,南北,精装,低楼层(共29层),暂无数据,2000年,880000.0,47009
"省级电梯！实用率高,近地铁,生活方便.",农林下路 ,东风东,VR看装修 房本满五年,0,一年前发布,3室1厅,63.77平米,南,其他,中楼层(共9层),板楼,1988年,4720000.0,74016
锦桦大厦，新上小户型，精装修 交通便利,锦桦大厦锦桦荟 ,东川路,近地铁 房本满五年,2,一年前发布,1室1厅,34.83平米,东,精装,低楼层(共3层),塔楼,2001年,910000.0,26127
格局方正电梯 东风东实用大两房,农林下路 ,东风东,近地铁 VR看装修 房本满五年,1,10个月以前发布,2室1厅,68.36平米,东南,其他,高楼层(共9层),塔楼,1985年,5000000.0,73143
商品房，入Du东风东产权清晰，户型方正，采光通风良好,农林下路 ,东风东,VR房源 房本满两年,2,9个月以前发布,3室1厅,73.17平米,南,其他,中楼层(共10层),塔楼,1988年,4960000.0,67788
房改房满五唯一，楼层适中，户型方正,梅花村 ,东风东,近地铁 VR看装修 房本满五年 随时看房,0,一年前发布,2室1厅,72.66平米,北东,其他,中楼层(共7层),塔楼,1990年,4800000.0,66062
花园小区 东向小面积 近东湖地铁,东湖新村 ,东湖,近地铁 VR看装修 房本满五年,5,一年前发布,1室0厅,22.52平米,东,简装,中楼层(共7层),塔楼,,750000.0,33304
东山培正 华丰大厦 高层单位 视野好 安静,东山华丰大厦 ,东山口,近地铁 VR看装修 房本满两年,1,9个月以前发布,1室1厅,55.44平米,北,其他,中楼层(共32层),塔楼,,4800000.0,86581
东山口一号线和六号线交汇、配套成熟、低总jia,东山铭泰公馆 ,东山口,近地铁 房本满五年,2,一年前发布,1室0厅,39.4平米,南,其他,低楼层(共25层),塔楼,,1000000.0,25381
白云大厦，低楼层电梯复式小户型,白云大厦 ,东川路,近地铁 房本满五年,14,一年前发布,1室1厅,35.33平米,南,精装,低楼层(共29层),暂无数据,,1000000.0,28305
东山署前，龟岗旺地段，实用一房一厅，精装修,龟岗大马路 ,东山口,近地铁 VR看装修 房本满两年,1,7个月以前发布,1室1厅,20.64平米,南,其他,中楼层(共6层),塔楼,1981年,930000.0,45059
小户型 框架 近地铁 旺中带静,环市东路 ,环市东,近地铁 VR看装修 房本满五年,0,8个月以前发布,1室1厅,14.64平米,南北,精装,高楼层(共7层),板楼,1990年,910000.0,62159
海印苑小区  小区管理 带平台花园 交通便利,海印苑 ,东湖,近地铁 VR看装修 房本满五年,3,一年前发布,1室1厅,80.27平米,西北,精装,低楼层(共22层),塔楼,1996年,4580000.0,57058
竹丝村　原装电梯　南向　安静　户型方正实用　采光好,竹丝村 ,东风东,VR看装修 房本满五年,0,2个月以前发布,2室1厅,74.14平米,南,精装,高楼层(共16层),塔楼,1993年,4850000.0,65417
位于越秀区东山口板块楼下公交车站,东山公寓 ,东山口,近地铁 房本满五年 随时看房,4,一年前发布,1室0厅,33.44平米,西,其他,高楼层(共10层),塔楼,,980000.0,29307
福今路气象局大院  电梯两房  安静舒适 南北对流,气象局大院 ,东风东,VR看装修 房本满五年,30,一年前发布,2室1厅,64.75平米,南北,精装,中楼层(共9层),板楼,,4660000.0,71970
全屋业主自己精装 定制家具 温馨小屋,东华东路 ,东川路,近地铁 VR看装修 房本满两年,0,5个月以前发布,1室0厅,14.67平米,西,精装,低楼层(共9层),塔楼,,950000.0,64759
东华东路 1室0厅 南,东华东路 ,东川路,近地铁 VR房源 房本满五年 随时看房,2,一年前发布,1室0厅,24.96平米,南,简装,中楼层(共9层),塔楼,,900000.0,36058
框架，省级东风东，精装3房，采光充足，南北通透，,农林下路 ,东风东,近地铁 VR房源 房本满五年,2,9个月以前发布,3室2厅,69.73平米,南北,精装,高楼层(共7层),1988年,塔楼,4890000.0,70128
东华东路南向方正四房两厅双阳台 安静采光通透视野好,东华东路 ,东川路,VR看装修 房本满五年 随时看房,3,11个月以前发布,4室2厅,114.16平米,南,简装,高楼层(共9层),,塔楼,4800000.0,42047
农小 近地铁 一房一厅南向 带阳台,农林华府 ,环市东,VR看装修 房本满两年,2,9个月以前发布,1室1厅,46.5平米,南,简装,中楼层(共7层),2013年,塔楼,4580000.0,98495
署前小面积  安静舒适 看房方便,达道路 ,东山口,近地铁 VR看装修 房本满五年,0,一年前发布,1室0厅,11.39平米,南,其他,中楼层(共4层),,塔楼,990000.0,86919
越秀区东山口板块离东山口约500米,东山公寓 ,东山口,近地铁 房本满五年,18,一年前发布,1室0厅,33.52平米,东,其他,高楼层(共10层),,塔楼,880000.0,26253
原装电梯南向两房，安静大院，位置好,竹丝村 ,东风东,近地铁 VR房源 房本满两年,1,一年前发布,2室1厅,72.7平米,南,其他,中楼层(共16层),1993年,塔楼,4800000.0,66025
业主诚心放卖，随时可看，出租好选择,执信南路 ,东山口,VR看装修 房本满五年,11,一年前发布,1室0厅,15.09平米,南,简装,低楼层(共6层),,塔楼,900000.0,59643
共和南小区，马赛克外墙，框架结构，带装修,共和南路 ,杨箕,近地铁 VR看装修,0,3个月以前发布,1室0厅,19.23平米,南,其他,低楼层(共9层),1985年,塔楼,820000.0,42642
共和南小区八一框架结构 细面积 看房提前预约,共和南路 ,杨箕,近地铁 VR看装修 房本满五年,4,一年前发布,1室1厅,22.34平米,东南,其他,中楼层(共8层),1985年,塔楼,880000.0,39392
东川路，加装电梯，意达大厦一房。,东川路 ,东川路,近地铁 VR看装修 房本满五年 随时看房,1,一年前发布,1室0厅,23.72平米,北,简装,中楼层(共9层),2000年,暂无数据,880000.0,37100
达道路八一 小面积 jia钱便宜 看房方便,达道路 ,东山口,近地铁 VR看装修 房本满五年,3,一年前发布,1室1厅,18平米,南,其他,低楼层(共7层),1990年,塔楼,900000.0,50000
竹丝村 全明复式三房 南北对流 安静花园管理 出入方便,竹丝村 ,东风东,VR房源 房本满五年,1,7个月以前发布,3室1厅,86.56平米,东,其他,高楼层(共15层),1990年,塔楼,4800000.0,55453
梅东路单间，育才 ，框架结构 小面积，精致装修,梅东路 ,东风东,VR看装修 房本满五年 随时看房,1,一年前发布,1室0厅,27.04平米,东,精装,高楼层(共9层),,板楼,1650000.0,61021
东风东 采光充足 楼层好 大露台 交通便利,农林下路 ,东风东,VR看装修 房本满五年,1,一年前发布,1室1厅,29.62平米,东,简装,低楼层(共6层),1988年,板楼,2050000.0,69210
安静大院 实用三房 马赛克外墙 交通便利,东华东路 ,东川路,近地铁 VR房源 房本满五年,1,4个月以前发布,3室2厅,107.4平米,东南,其他,中楼层(共9层),,塔楼,4815000.0,44833
此房西北朝向，视野开阔，采光好，电梯已更新,锦桦大厦锦桦荟 ,东川路,近地铁 VR看装修 房本满五年,2,6个月以前发布,3室1厅,94.39平米,西,其他,高楼层(共31层),2001年,塔楼,4990000.0,52866
安静大院 框架三房厅出阳台朝南近东湖公园,东华东路 ,东川路,近地铁 VR看装修 房本满两年 随时看房,0,2个月以前发布,3室1厅,99.23平米,东南,其他,中楼层(共9层),1990年,塔楼,4760000.0,47970
福今路大院 框架三房 南北对流 户型方正,福今路 ,东山口,近地铁 VR看装修 房本满五年,3,5个月以前发布,3室1厅,101.08平米,南北,简装,低楼层(共9层),,塔楼,4700000.0,46498
小区大院管理  实用三房 格局方正 安静不吵,福今路3号大院 ,东山口,近地铁 VR看装修 房本满五年,1,一年前发布,3室2厅,92.55平米,东,简装,中楼层(共9层),1990年,塔楼,5000000.0,54025
育才  框架地铁口，小面积 低总加,梅东路 ,东风东,VR看装修 房本满五年 随时看房,2,4个月以前发布,1室0厅,27.04平米,东,简装,高楼层(共9层),,板楼,1200000.0,44379
菜园西小区，加装电梯，安静舒适,菜园西 ,东川路,近地铁 VR房源 房本满五年,3,5个月以前发布,3室2厅,101.13平米,东,其他,低楼层(共9层),,塔楼,5000000.0,49442
东华南路白云楼 3室2厅 东南,东华南路白云楼 ,东川路,近地铁 VR看装修 房本满五年 随时看房,0,4个月以前发布,3室2厅,101.27平米,东南,其他,高楼层(共25层),1996年,塔楼,4960000.0,48978
"东川大厦原装电梯三房，采光通风好,近省医，近东川小",东川大厦 ,东川路,近地铁 VR房源 房本满五年 随时看房,10,8个月以前发布,3室2厅,92.06平米,南,精装,高楼层(共15层),2003年,塔楼,4680000.0,50837
"南北向，采光通风好，自住精装修,配套齐全交通便利",执信南路 ,东山口,VR看装修 房本满五年,2,5个月以前发布,3室1厅,100.71平米,南西北,其他,高楼层(共9层),1990年,塔楼,4680000.0,46471
梅花路设计院，大院管理，近地铁，安静不吵，南向，,梅花路 ,东风东,VR看装修 房本满五年,0,一年前发布,1室0厅,28.84平米,南,简装,高楼层(共6层),,塔楼,1600000.0,55479
竹丝岗二马路 4室1厅 东南,竹丝岗二马路 ,东风东,VR看装修 房本满五年,2,1个月以前发布,4室1厅,131.81平米,东南,简装,中楼层(共6层),1990年,板楼,4800000.0,36417
东风广场四期 44.64平正规一房 小区上车户型  无占用,东风广场 ,东风东,近地铁 VR房源 房本满五年,1,8个月以前发布,1室1厅,44.64平米,北,简装,低楼层(共33层),2006年,塔楼,5000000.0,112008
中山一路 大单间 格局方正 看房方便 业主诚意出,中山一路 ,东风东,近地铁 VR看装修 房本满五年,5,一年前发布,1室0厅,22.67平米,南,简装,高楼层(共8层),1990年,塔楼,850000.0,37495
广发花园 安静四房两厅两卫 好房诚出,广发花园 ,东风东,近地铁 VR看装修 房本满五年 随时看房,3,一年前发布,4室2厅,125.12平米,西北,精装,25层,1995年,塔楼,5100000.0,40761
东风广场五期 楼龄新 精装保养好 东风东无占,东风广场 ,东风东,近地铁 VR房源 房本满五年,2,10个月以前发布,1室1厅,50.35平米,北,精装,低楼层(共31层),2015年,塔楼,4900000.0,97319
东风广场五期一房一厅  楼龄新,东风广场 ,东风东,近地铁 VR看装修 房本满五年,0,10个月以前发布,1室1厅,50.35平米,北,其他,中楼层(共31层),2015年,塔楼,4900000.0,97319
原装电梯房 位置安静 南北向 楼龄新 朝阳社区 精装修,文德路 ,北京路,近地铁 VR看装修 房本满五年,3,一年前发布,1室1厅,29.8平米,南,其他,中楼层(共13层),,塔楼,1050000.0,35235
农讲所原装电梯 住家装修 南北对流 马赛克外墙 双地铁,越华大厦 ,农讲所,近地铁 VR看装修 房本满五年,1,一年前发布,4室1厅,101.97平米,南北,简装,中楼层(共10层),1995年,塔楼,5000000.0,49035
先烈中路81号大院   实用大单间 适合居住,先烈中路81号大院 ,黄花岗,近地铁 VR看装修 房本满五年 随时看房,24,一年前发布,1室0厅,28.91平米,南,简装,高楼层(共15层),2000年,平房,1610000.0,55691
下塘西小户型  楼梯四楼 总房款低 近地铁,下塘西路 ,麓景,近地铁 VR看装修 房本满五年,16,一年前发布,1室0厅,29.44平米,南,简装,中楼层(共8层),1991年,塔楼,860000.0,29212
淘金家园二期 电梯4房2厅2卫 南向精装 方正实用 满五,淘金家园二三期 ,淘金,近地铁 VR房源 房本满五年,47,一年前发布,4室2厅,109.51平米,南西南,精装,中楼层(共9层),2003年,塔楼,9230000.0,84285
省级东风西 户型方正 环境优美,解放北路(越秀区) ,解放北,近地铁 VR房源 房本满五年 随时看房,0,一年前发布,1室1厅,27.52平米,南,简装,高楼层(共5层),,塔楼,990000.0,35974
广发花园 2室1厅 北,广发花园 ,东风东,近地铁 VR看装修 房本满五年 随时看房,0,4个月以前发布,2室1厅,90.15平米,北,其他,25层,1995年,塔楼,4320000.0,47921
黄花新村 1室1厅 东南,黄花新村 ,淘金,近地铁 VR看装修 房本满五年,0,一年前发布,1室1厅,28.96平米,东南,简装,低楼层(共7层),1985年,塔楼,1580000.0,54559
北京南路小户型加装电梯环境安静,北京南路 ,北京路,近地铁 VR看装修 房本满五年,5,一年前发布,1室0厅,25.11平米,东,简装,高楼层(共9层),,塔楼,1250000.0,49781
西门口红砖外墙，低层2楼4房，框架结构，通风不唯一,纸行路 ,西门口,近地铁 VR房源 房本满五年,0,8个月以前发布,4室2厅,99.33平米,东南西北,其他,低楼层(共3层),,板楼,4100000.0,41277
西门口海珠中路房建大厦原装电梯旧部细积,房建大厦 ,西门口,近地铁 VR看装修 房本满两年 随时看房,1,9个月以前发布,1室1厅,29.06平米,南,精装,低楼层(共25层),1996年,塔楼,1080000.0,37165
东风西校 低层  小面积   朝南向,象岗山 ,小北,VR看装修 房本满两年,3,一年前发布,1室1厅,27.66平米,南,其他,中楼层(共11层),,塔楼,1000000.0,36154
电梯4房+北京路商圈+文德背包+精装全明+近地铁6号线,文明路 ,农讲所,VR房源 房本满五年,3,一年前发布,4室2厅,95.99平米,东南,其他,中楼层(共9层),1990年,塔楼,7400000.0,77092
准电梯待施工近江边中楼层间隔方正,八旗二马路 ,越秀南,近地铁 VR看装修 房本满两年,0,4个月以前发布,1室1厅,29.43平米,南,其他,中楼层(共9层),,塔楼,1100000.0,37377
广工大院，中层框架小面积，黄花配套，南北朝向,广工大院 ,黄花岗,近地铁 VR看装修 房本满五年,0,一年前发布,1室1厅,28.8平米,南北,简装,中楼层(共7层),1991年,塔楼,1650000.0,57292
环市东路 4室2厅 西南,环市东路 ,环市东,VR看装修 房本满五年,0,3个月以前发布,4室2厅,102.75平米,西南,其他,低楼层(共9层),1996年,塔楼,4560000.0,44380
黄花岗81号大院 四房 南北对流  三面采光 视野开阔,先烈中路81号大院 ,黄花岗,近地铁 VR看装修 房本满五年,8,一年前发布,4室1厅,98.56平米,南,简装,高楼层(共6层),2000年,塔楼,3950000.0,40078
独栋重建私房，三层双露台带天台，靓房，提前约。,大新路 ,解放南,近地铁 VR房源 房本满五年,9,一年前发布,4室2厅,108平米,东,精装,低楼层(共3层),,暂无数据,3800000.0,35186
白云区解放北路小户型可以做公积金贷款！,解放北路(越秀区) ,解放北,近地铁 VR房源 房本满五年,3,一年前发布,1室1厅,26.56平米,南,其他,高楼层(共7层),1990年,塔楼,700000.0,26356
德雅轩，原装电梯小户型，配套成熟，交通便利,德雅轩 ,农讲所,近地铁 VR房源 房本满五年 随时看房,0,一年前发布,1室1厅,25.77平米,东,其他,中楼层(共18层),2010年,塔楼,1850000.0,71789
一号线地铁，精装大三房，通风采光好 近图书馆,德政北路 ,农讲所,近地铁 VR看装修 房本满五年,2,一年前发布,4室2厅,102.73平米,东,精装,低楼层(共9层),1993年,塔楼,4980000.0,48477
天誉商务大厦可注册办公精装修地段好,天誉商务大厦 ,环市东,近地铁 房本满两年,0,8个月以前发布,1室1厅,28.61平米,东,精装,低楼层(共36层),,暂无数据,1380000.0,48235
低层二楼，现成4房；地理位置优越！,海珠中路 ,解放南,近地铁 VR看装修 房本满五年,0,一年前发布,4室2厅,91.51平米,东,简装,低楼层(共3层),,暂无数据,2380000.0,26009
越秀三木国际寓 4米层高复式寓 视野好 空间大 小阳台,三木国际公寓 ,建设路,近地铁 房本满五年,7,一年前发布,1室0厅,26.34平米,西南,精装,高楼层(共7层),2007年,塔楼,580000.0,22020
越秀东风西，大院管理，精装修，楼下免费停车,人民北路 ,西华路,近地铁 VR看装修 房本满两年 随时看房,0,2个月以前发布,1室1厅,28.93平米,东南南,其他,低楼层(共7层),,塔楼,980000.0,33875
西门口街面一楼 门口有余地 适合驿站 社区服务站,光塔路 ,西门口,近地铁 VR看装修 随时看房,0,2个月以前发布,1室1厅,29.55平米,西,简装,低楼层(共8层),1985年,塔楼,980000.0,33165
入手门槛低 适合入户 原装电梯房 小区环境清净,建雅台 ,东川路,近地铁 VR看装修 房本满五年,0,7个月以前发布,1室0厅,28.73平米,东,其他,低楼层(共23层),2005年,塔楼,1500000.0,52211
公园前都府小区首层复式两房，带精装修,都府社区 ,公园前,近地铁 VR看装修,2,3个月以前发布,1室1厅,26.52平米,东,其他,低楼层(共3层),,板楼,880000.0,33183
独栋私房一层过，可以收租做仓库、办公用途.,米市路 ,西门口,近地铁 VR看装修 房本满五年,0,9个月以前发布,1室1厅,103.29平米,东,其他,低楼层(共1层),,板楼,3800000.0,36790
百灵路 东风西小面积 过五唯一,百灵路 ,盘福,近地铁 VR看装修 房本满五年 随时看房,10,一年前发布,1室0厅,25.22平米,东,简装,低楼层(共9层),塔楼,,1000000.0,39652
满五年商品房//户型方正//无占用//,水荫路 ,水荫,近地铁 VR看装修 房本满五年,1,9个月以前发布,4室2厅,105.5平米,南,其他,高楼层(共9层),塔楼,,4600000.0,43602
二楼框架，有阳台，自家上90平天台，,东华西路 ,东川路,近地铁 VR房源 房本满五年,5,一年前发布,1室1厅,27.8平米,南北,简装,低楼层(共2层),板楼,,1180000.0,42447
此房子装修温馨舒适的复式层，交通出行方便配套完善,天伦花园 ,建设路,近地铁 房本满五年,2,一年前发布,1室0厅,28.99平米,南,其他,中楼层(共4层),塔楼,,980000.0,33805
业主诚意卖，环境好，过五年唯一，交通便利,东华西路 ,东川路,近地铁 VR看装修 房本满五年 随时看房,1,一年前发布,1室1厅,28.72平米,西,简装,高楼层(共9层),塔楼,,890000.0,30989
红火 火巨 满五唯一 户型方正 配套齐全 诚心出,东华西路 ,东川路,VR房源 房本满五年,0,3个月以前发布,1室1厅,29.89平米,西南,精装,高楼层(共9层),塔楼,1993年,990000.0,33122
小北地铁A出囗，机关单位房改房，得房率高。,北较场路 ,小北,近地铁 VR看装修 房本满五年 随时看房,2,一年前发布,4室2厅,94.17平米,东南北,精装,低楼层(共1层),塔楼,1997年,4900000.0,52034
越秀区 入户单元 单间中间楼层,百兴苑 ,流花站前,近地铁 VR看装修 房本满五年 随时看房,21,一年前发布,1室1厅,27.13平米,南,简装,中楼层(共7层),塔楼,,560000.0,20642
小区管理 高楼层非顶楼，有阳台，视野宽阔，采光充足,府前铭泰 ,公园前,近地铁 房本满五年 随时看房,2,5个月以前发布,1室0厅,26.75平米,东,精装,高楼层(共25层),塔楼,2014年,730000.0,27290
业主诚心出，采光视野很好，标准一房一厅,太和岗路22号大院 ,黄花岗,VR房源 房本满五年,0,2个月以前发布,1室1厅,26.72平米,东南,简装,高楼层(共7层),塔楼,,950000.0,35554
北京路地铁 精装一房 有位电梯 低总J 可大幅度,珠光路 ,越秀南,VR房源 房本满两年,2,4个月以前发布,1室1厅,28.46平米,南,简装,中楼层(共9层),塔楼,,730000.0,25651
文德先生 次新楼 位置安静 高楼层 通风采光好,文德先生 ,越秀南,近地铁 VR房源 房本满两年,1,9个月以前发布,1室0厅,25.74平米,北,其他,中楼层(共16层),板塔结合,2013年,1680000.0,65269
精装修 大单间 电梯 读书 新婚居住,侨力大厦 ,解放南,近地铁 VR看装修 房本满五年,13,一年前发布,1室0厅,27平米,东,精装,低楼层(共30层),塔楼,1995年,1100000.0,40741
近地铁 南向方正实用 二楼明亮准电梯 租值高 满五,盘福路 ,盘福,VR看装修 房本满五年 随时看房,4,一年前发布,1室0厅,27.08平米,南北,精装,低楼层(共8层),暂无数据,,880000.0,32497
此房适合刚需客户，三月份满五年唯一,东华西路 ,东川路,近地铁 VR看装修 房本满五年,11,一年前发布,1室1厅,29.23平米,南,其他,高楼层(共9层),塔楼,,870000.0,29764
此房过五年，框架结构中楼层，通风好,东华西路 ,东川路,VR看装修 房本满五年,5,一年前发布,1室0厅,27.42平米,东,精装,中楼层(共9层),塔楼,,780000.0,28447
七字单边门面有15米宽采光美丽,诗书路 ,人民路,近地铁 VR看装修 房本满五年,0,7个月以前发布,1室1厅,104.48平米,西,简装,低楼层(共2层),暂无数据,,6200000.0,59342
中山四路 位置好 环境舒适  生活配套完善,中山四路 ,公园前,近地铁 VR看装修 房本满五年,3,一年前发布,1室0厅,25.53平米,北,简装,低楼层(共6层),塔楼,,750000.0,29378
一德路地铁傍。原汁原味独栋私房，旺中带静，近珠江边,仁济路 ,人民路,近地铁 VR房源 房本满五年 随时看房,3,6个月以前发布,4室2厅,97.79平米,东南,简装,低楼层(共3层),板楼,,3360000.0,34360
越秀区地铁瑶泉新苑低层南向采光好,瑶泉新苑 ,三元里,近地铁 VR看装修 房本满两年,2,一年前发布,1室1厅,26.25平米,南,简装,低楼层(共9层),塔楼,1996年,660000.0,25143
西门口地铁 低层实用一房一厅 业主自用精装 满五唯一,海珠北路 ,西门口,近地铁 VR看装修 房本满五年,8,一年前发布,1室1厅,25.58平米,东,精装,中楼层(共9层),塔楼,,900000.0,35184
原装电梯 近地铁 楼龄新 高层东南北三面采光 配套成熟,文德广场 ,越秀南,近地铁 VR看装修 房本满五年,9,一年前发布,4室1厅,100.4平米,东南北,简装,中楼层(共29层),塔楼,2000年,6300000.0,62750
海珠中路 五楼一房 南朝向 近省中医院,海珠中路 ,解放南,VR看装修 房本满五年,5,一年前发布,1室0厅,28.51平米,南,简装,高楼层(共5层),塔楼,,700000.0,24553
盘福路 纪念堂 低层细面积 东风西 解放北路,解放北路(越秀区) ,解放北,VR房源 房本满五年,1,一年前发布,1室0厅,29.95平米,南,简装,中楼层(共5层),塔楼,,900000.0,30051
海珠南路 电梯一房 近省中医 上车盘,南天大厦 ,人民路,VR看装修 房本满五年,0,一年前发布,1室0厅,26.16平米,南,其他,中楼层(共14层),塔楼,,915000.0,34978
入省东风西  低层一房一厅， 旁边就是纪念堂地铁口,解放北路(越秀区) ,解放北,VR看装修 房本满两年,1,9个月以前发布,1室1厅,28.72平米,南北,其他,低楼层(共5层),塔楼,,950000.0,33078
省黄花首套30平以下，层高约4.3米小复式,黄花新村 ,淘金,VR看装修 房本满五年 随时看房,0,一年前发布,1室1厅,25.17平米,东,简装,中楼层(共8层),塔楼,1985年,960000.0,38141
永福楼，小区管理，安静，使用率高,永福楼 ,黄花岗,近地铁 VR房源 房本满五年,3,一年前发布,4室1厅,103.99平米,南,其他,低楼层(共25层),塔楼,1993年,3160000.0,30388
嘉兰轩 原装电梯 楼龄新净 南向一房 采光好,嘉兰轩 ,人民路,近地铁 VR看装修 房本满五年,2,3个月以前发布,1室0厅,29.44平米,南,简装,中楼层(共29层),塔楼,2019年,1380000.0,46875
公园前地铁电梯平层大三房 业主精装修保养好 诚心放卖,起义路 ,解放南,VR看装修 房本满两年,2,一年前发布,4室2厅,107.77平米,南北,其他,低楼层(共9层),塔楼,1998年,4600000.0,42684
